RestaurantID,RestaurantName,Category,Neighborhood,PriceTier,GoodForKids,AverageRating,OpeningHour,ClosingHour
1,The Hungry Hippo,Japanese,Bushwick,Medium,TRUE,2.1,10:02,20:57
2,Cafe Caliente,American,Upper East Side,Medium,TRUE,2.6,9:49,20:51
3,Burger Barn,French,Bed-Stuy,Cheap,TRUE,3.6,9:10,20:21
4,Sizzling Sausage Shack,Indian,Bed-Stuy,Cheap,FALSE,4.2,9:21,20:53
5,BBQ Bonanza,Indian,Astoria,Expensive,FALSE,3,11:50,19:50
6,Cafe Caliente,Indian,Chelsea,Expensive,FALSE,4.7,11:22,22:30
7,The Hungry Hippo,Greek,Williamsburg,Expensive,FALSE,1.8,10:01,23:56
8,Pizza Palace,Japanese,Long Island City,Expensive,TRUE,2,10:03,19:40
9,Sizzling Sausage Shack,Thai,Chelsea,Cheap,FALSE,4,9:44,20:29
10,Cafe Caliente,Italian,Harlem,Cheap,FALSE,1.6,9:52,21:45
11,Pizza Palace,Thai,Long Island City,Medium,FALSE,4.1,10:10,21:48
12,BBQ Bonanza,Chinese,Upper East Side,Expensive,FALSE,2.3,9:14,21:08
13,Sushi Sensation,Mediterranean,Long Island City,Expensive,TRUE,5,10:06,22:51
14,Pizza Palace,Chinese,Park Slope,Cheap,FALSE,2.7,10:03,22:24
15,Waffle Wonderland,Thai,Long Island City,Expensive,FALSE,2.9,11:29,22:52
16,Burger Barn,French,Chelsea,Medium,FALSE,1.1,11:48,22:36
17,Pasta Paradise,American,Bed-Stuy,Cheap,FALSE,3.9,11:39,22:52
18,Pasta Paradise,Italian,Upper East Side,Cheap,FALSE,2.6,9:48,19:46
19,Cafe Caliente,Indian,Bed-Stuy,Cheap,TRUE,1.5,9:42,20:20
20,BBQ Bonanza,Indian,Long Island City,Cheap,TRUE,3.1,10:23,22:32
21,Taco Time,Mexican,Harlem,Medium,TRUE,3.2,10:17,20:40
22,Burger Barn,Italian,Bushwick,Expensive,FALSE,1.7,9:00,20:24
23,Burger Barn,French,Chelsea,Cheap,FALSE,3.6,11:17,22:48
24,Pizza Palace,Japanese,Chelsea,Medium,FALSE,3.8,11:57,21:07
25,The Hungry Hippo,Thai,Long Island City,Medium,FALSE,3.4,11:46,22:41
26,Burger Barn,American,Bushwick,Cheap,FALSE,5,10:08,23:16
27,The Hungry Hippo,Thai,Greenwich Village,Medium,FALSE,3.2,10:40,19:58
28,BBQ Bonanza,Greek,Bed-Stuy,Cheap,FALSE,2.9,10:21,23:54
29,BBQ Bonanza,Greek,Bed-Stuy,Medium,FALSE,3.5,9:51,19:34
30,Cafe Caliente,French,Upper East Side,Medium,FALSE,1.3,10:50,21:04
31,The Hungry Hippo,Thai,Williamsburg,Medium,TRUE,3.8,11:53,23:51
32,Waffle Wonderland,Indian,Greenwich Village,Expensive,TRUE,1.3,10:36,23:50
33,Sizzling Sausage Shack,Thai,Greenwich Village,Medium,FALSE,1.5,9:37,23:16
34,Cafe Caliente,Mediterranean,Bed-Stuy,Medium,FALSE,2.7,11:28,22:55
35,Sushi Sensation,French,Park Slope,Medium,FALSE,4,9:54,21:28
36,BBQ Bonanza,Italian,Greenwich Village,Cheap,FALSE,3.8,9:32,23:26
37,Cafe Caliente,Greek,Greenwich Village,Cheap,FALSE,4.9,11:18,21:09
38,Waffle Wonderland,Chinese,Williamsburg,Cheap,FALSE,4.7,9:57,22:52
39,Waffle Wonderland,Mediterranean,Astoria,Medium,FALSE,3.9,11:05,22:05
40,Sizzling Sausage Shack,French,Greenwich Village,Medium,FALSE,3.3,11:26,20:45
41,Cafe Caliente,Indian,Bed-Stuy,Cheap,FALSE,1.5,10:10,20:14
42,BBQ Bonanza,Italian,Astoria,Medium,FALSE,2.2,11:50,20:46
43,BBQ Bonanza,Mediterranean,Upper East Side,Expensive,FALSE,3.2,9:28,22:14
44,Taco Time,Indian,Bushwick,Medium,TRUE,3.9,9:17,22:55
45,Pizza Palace,Indian,Upper East Side,Cheap,TRUE,3.3,11:15,22:51
46,Cafe Caliente,Mediterranean,Greenwich Village,Expensive,FALSE,3.8,10:14,20:24
47,Pasta Paradise,Mediterranean,Park Slope,Cheap,FALSE,1.7,11:00,20:06
48,Taco Time,Indian,Harlem,Cheap,TRUE,4.4,10:15,23:25
49,Burger Barn,Mediterranean,Chelsea,Medium,TRUE,4.3,11:20,19:50
50,BBQ Bonanza,Thai,Williamsburg,Expensive,FALSE,2,11:03,21:27
51,Pizza Palace,Mediterranean,Park Slope,Cheap,TRUE,4.7,10:08,19:59
52,Cafe Caliente,Greek,Chelsea,Cheap,TRUE,2.3,11:16,23:27
53,The Hungry Hippo,American,Upper East Side,Expensive,TRUE,3.6,10:11,19:57
54,Taco Time,Italian,Bushwick,Medium,TRUE,4.9,10:15,22:23
55,The Hungry Hippo,Indian,Williamsburg,Cheap,FALSE,2.6,11:07,23:45
56,Sushi Sensation,Indian,Astoria,Medium,TRUE,3,10:47,21:30
57,Burger Barn,Thai,Chelsea,Medium,FALSE,4.5,10:21,21:03
58,Burger Barn,Mexican,Astoria,Medium,TRUE,1.9,11:54,20:47
59,The Hungry Hippo,Mexican,Williamsburg,Medium,FALSE,1,10:54,21:05
60,Sizzling Sausage Shack,Greek,Upper East Side,Expensive,TRUE,4.6,10:32,20:43
61,Pizza Palace,Mexican,Upper East Side,Expensive,TRUE,2.3,10:34,23:38
62,Pasta Paradise,French,Greenwich Village,Medium,FALSE,4.7,11:31,23:01
63,Pizza Palace,Greek,Chelsea,Expensive,FALSE,3.7,9:22,23:58
64,Waffle Wonderland,French,Greenwich Village,Medium,FALSE,3.3,10:12,22:07
65,Burger Barn,Mediterranean,Park Slope,Expensive,FALSE,3.2,10:21,22:48
66,The Hungry Hippo,Italian,Astoria,Cheap,TRUE,2.8,10:51,21:37
67,Burger Barn,Italian,Bed-Stuy,Expensive,TRUE,2.6,9:12,21:59
68,Sushi Sensation,Mexican,Chelsea,Cheap,FALSE,1.3,11:56,22:59
69,Burger Barn,Mexican,Greenwich Village,Cheap,TRUE,2.2,11:09,22:45
70,Sushi Sensation,American,Chelsea,Cheap,TRUE,4.9,10:08,22:14
71,Cafe Caliente,Mediterranean,Chelsea,Expensive,FALSE,4.4,9:24,20:24
72,Burger Barn,Italian,Upper East Side,Medium,TRUE,3.8,10:57,20:25
73,Burger Barn,Indian,Williamsburg,Cheap,FALSE,3.3,11:16,21:02
74,Sizzling Sausage Shack,Greek,Williamsburg,Medium,FALSE,2.1,11:16,19:54
75,Sizzling Sausage Shack,Mediterranean,Long Island City,Cheap,FALSE,1.4,9:36,23:14
76,Pasta Paradise,Indian,Astoria,Medium,TRUE,3.4,10:35,20:21
77,Waffle Wonderland,Mexican,Williamsburg,Cheap,TRUE,1.5,9:04,23:09
78,Cafe Caliente,Thai,Greenwich Village,Cheap,FALSE,4,9:09,20:33
79,Sizzling Sausage Shack,Japanese,Greenwich Village,Cheap,FALSE,3.2,11:00,20:36
80,Pasta Paradise,Greek,Long Island City,Cheap,FALSE,1.9,11:01,19:41
81,Cafe Caliente,French,Greenwich Village,Medium,TRUE,1.3,11:33,20:09
82,Waffle Wonderland,French,Bushwick,Expensive,TRUE,1.4,9:36,22:42
83,Sizzling Sausage Shack,Greek,Bushwick,Medium,FALSE,3.5,10:35,21:08
84,Pizza Palace,American,Harlem,Medium,TRUE,3.5,11:34,22:21
85,Burger Barn,Greek,Bushwick,Medium,TRUE,4.9,11:57,23:41
86,Taco Time,Indian,Chelsea,Expensive,TRUE,2.2,10:28,20:12
87,Cafe Caliente,French,Williamsburg,Medium,FALSE,4,10:35,21:46
88,The Hungry Hippo,Chinese,Harlem,Expensive,FALSE,4.3,10:52,22:34
89,Waffle Wonderland,Mexican,Greenwich Village,Expensive,TRUE,4.1,10:00,20:20
90,Sizzling Sausage Shack,American,Harlem,Medium,FALSE,3.5,9:20,20:59
91,Sizzling Sausage Shack,Indian,Greenwich Village,Cheap,TRUE,3,11:48,23:29
92,BBQ Bonanza,Thai,Greenwich Village,Medium,TRUE,4.2,9:30,21:14
93,Taco Time,Greek,Bushwick,Medium,FALSE,4.5,11:41,21:39
94,Cafe Caliente,Japanese,Harlem,Medium,TRUE,4.4,11:12,22:35
95,Sushi Sensation,French,Harlem,Expensive,TRUE,3.7,11:16,20:47
96,Waffle Wonderland,Japanese,Astoria,Cheap,TRUE,2.7,9:08,20:23
97,Waffle Wonderland,Mediterranean,Harlem,Medium,TRUE,3.4,10:38,20:32
98,BBQ Bonanza,American,Bed-Stuy,Medium,FALSE,3.5,9:16,23:17
99,Burger Barn,American,Harlem,Expensive,FALSE,3.6,9:33,22:22
100,Pizza Palace,Greek,Williamsburg,Cheap,FALSE,3.7,11:13,20:08
101,Sushi Sensation,French,Greenwich Village,Medium,FALSE,1.4,11:48,22:58
102,BBQ Bonanza,Italian,Upper East Side,Medium,FALSE,1.8,11:56,19:54
103,The Hungry Hippo,Mediterranean,Park Slope,Medium,TRUE,4.2,11:54,22:59
104,Cafe Caliente,Indian,Chelsea,Expensive,FALSE,2.7,9:16,23:35
105,Sizzling Sausage Shack,Japanese,Upper East Side,Medium,TRUE,1.9,9:41,23:37
106,BBQ Bonanza,Chinese,Chelsea,Cheap,TRUE,5,11:52,19:58
107,Sushi Sensation,Japanese,Upper East Side,Expensive,TRUE,3.2,9:19,21:38
108,Cafe Caliente,French,Upper East Side,Cheap,TRUE,1.8,11:06,21:33
109,Sizzling Sausage Shack,Indian,Greenwich Village,Medium,FALSE,4.7,10:12,23:12
110,Burger Barn,Greek,Harlem,Cheap,TRUE,2.4,11:15,20:34
111,Taco Time,Thai,Harlem,Medium,FALSE,3.9,9:00,23:32
112,BBQ Bonanza,Mexican,Greenwich Village,Medium,FALSE,2.5,11:37,23:23
113,Pasta Paradise,Italian,Bushwick,Medium,TRUE,1.5,9:25,23:40
114,Sushi Sensation,Greek,Chelsea,Medium,TRUE,2.9,9:36,22:33
115,The Hungry Hippo,Japanese,Park Slope,Expensive,FALSE,1.3,9:23,22:54
116,Pasta Paradise,Mexican,Greenwich Village,Cheap,FALSE,1.1,9:28,22:33
117,Cafe Caliente,Thai,Park Slope,Medium,FALSE,1.3,11:24,22:13
118,Taco Time,Thai,Chelsea,Expensive,FALSE,1.4,10:55,21:21
119,Cafe Caliente,Mexican,Chelsea,Expensive,FALSE,2.3,9:04,21:33
120,Sizzling Sausage Shack,French,Greenwich Village,Medium,FALSE,2.2,11:09,20:27
121,Sushi Sensation,Mediterranean,Williamsburg,Cheap,TRUE,1.6,9:08,22:03
122,BBQ Bonanza,Thai,Chelsea,Medium,FALSE,1.9,9:32,20:28
123,Sushi Sensation,Japanese,Bed-Stuy,Expensive,TRUE,3.3,10:43,22:51
124,Cafe Caliente,American,Bed-Stuy,Medium,FALSE,1.7,11:06,20:08
125,The Hungry Hippo,Indian,Upper East Side,Expensive,FALSE,2,11:28,22:54
126,Cafe Caliente,Mexican,Long Island City,Expensive,FALSE,4.2,10:59,23:08
127,Burger Barn,Italian,Park Slope,Cheap,TRUE,1.7,11:55,22:21
128,The Hungry Hippo,Italian,Bed-Stuy,Expensive,FALSE,4.9,11:24,21:16
129,Pasta Paradise,Greek,Park Slope,Expensive,FALSE,4.9,11:16,23:54
130,Pizza Palace,Mexican,Bed-Stuy,Medium,TRUE,3.4,11:40,21:24
131,Sushi Sensation,French,Long Island City,Medium,FALSE,3.8,9:09,19:59
132,BBQ Bonanza,Italian,Astoria,Medium,FALSE,1,10:27,22:11
133,Burger Barn,Japanese,Astoria,Expensive,FALSE,3.1,9:25,23:13
134,Waffle Wonderland,Mexican,Chelsea,Expensive,FALSE,3.9,9:06,23:21
135,Sushi Sensation,Japanese,Chelsea,Medium,TRUE,3.5,10:30,21:21
136,Pasta Paradise,Italian,Williamsburg,Cheap,TRUE,1.1,9:22,22:47
137,The Hungry Hippo,Indian,Park Slope,Expensive,FALSE,4.2,9:24,20:18
138,Taco Time,American,Harlem,Cheap,TRUE,4.1,11:55,20:03
139,Burger Barn,Mexican,Park Slope,Medium,FALSE,3.1,9:30,23:27
140,The Hungry Hippo,Indian,Bed-Stuy,Cheap,TRUE,4.7,9:47,22:17
141,The Hungry Hippo,Thai,Park Slope,Medium,FALSE,4.4,9:41,21:03
142,Cafe Caliente,French,Bushwick,Cheap,FALSE,3.1,9:51,19:39
143,Waffle Wonderland,Chinese,Astoria,Expensive,FALSE,2.3,9:31,19:48
144,The Hungry Hippo,Mediterranean,Bed-Stuy,Expensive,TRUE,1.8,10:26,21:33
145,Pizza Palace,Mexican,Park Slope,Medium,TRUE,5,11:34,19:35
146,Cafe Caliente,Mediterranean,Long Island City,Expensive,FALSE,3.1,10:46,20:03
147,Sizzling Sausage Shack,Japanese,Chelsea,Medium,FALSE,3.8,10:07,19:49
148,Sushi Sensation,Chinese,Chelsea,Cheap,FALSE,1.9,9:03,20:51
149,The Hungry Hippo,Indian,Long Island City,Cheap,TRUE,1.5,9:33,21:59
150,Pizza Palace,Indian,Bed-Stuy,Expensive,FALSE,2.3,10:46,19:38
151,Pasta Paradise,Thai,Bushwick,Medium,FALSE,3.8,11:26,20:37
152,The Hungry Hippo,French,Greenwich Village,Medium,FALSE,2.1,11:58,20:19
153,BBQ Bonanza,Chinese,Harlem,Expensive,FALSE,2.9,9:13,21:59
154,Cafe Caliente,American,Upper East Side,Cheap,TRUE,3.4,10:20,21:14
155,Sizzling Sausage Shack,American,Bed-Stuy,Expensive,TRUE,3.1,11:35,19:47
156,Sushi Sensation,Mediterranean,Long Island City,Cheap,TRUE,3,10:59,20:01
157,Waffle Wonderland,Thai,Chelsea,Medium,FALSE,1.9,10:01,23:15
158,Sizzling Sausage Shack,Indian,Chelsea,Cheap,FALSE,3,9:40,19:30
159,Taco Time,French,Long Island City,Medium,FALSE,4,9:01,21:20
160,Taco Time,Thai,Bed-Stuy,Cheap,FALSE,2.9,10:33,22:49
161,Pasta Paradise,Thai,Upper East Side,Medium,FALSE,3.6,9:00,22:36
162,Sushi Sensation,Greek,Astoria,Cheap,FALSE,3.5,9:59,20:49
163,Waffle Wonderland,Mediterranean,Long Island City,Medium,FALSE,4.2,9:51,23:08
164,Waffle Wonderland,Indian,Upper East Side,Cheap,FALSE,1.3,9:01,20:19
165,Sizzling Sausage Shack,Japanese,Upper East Side,Medium,FALSE,3.3,9:46,20:47
166,Burger Barn,Chinese,Harlem,Cheap,TRUE,4,10:26,22:43
167,Taco Time,Thai,Upper East Side,Expensive,FALSE,4.4,10:31,21:53
168,Sushi Sensation,Mexican,Chelsea,Cheap,FALSE,4.8,9:37,21:26
169,Taco Time,Mediterranean,Long Island City,Medium,FALSE,4.2,11:19,23:46
170,Pizza Palace,Greek,Upper East Side,Expensive,FALSE,1.5,10:31,20:40
171,Sushi Sensation,Mediterranean,Upper East Side,Cheap,TRUE,4.2,11:28,20:26
172,Sizzling Sausage Shack,Indian,Long Island City,Cheap,TRUE,4.5,9:20,20:48
173,Pizza Palace,French,Astoria,Cheap,FALSE,4.3,11:04,22:54
174,Waffle Wonderland,Indian,Williamsburg,Expensive,FALSE,3.2,9:40,21:24
175,BBQ Bonanza,Chinese,Bushwick,Expensive,FALSE,1.7,11:02,19:54
176,Cafe Caliente,Indian,Bushwick,Medium,FALSE,2.9,9:36,19:34
177,Sushi Sensation,American,Upper East Side,Cheap,TRUE,2.3,11:47,21:50
178,Cafe Caliente,Japanese,Park Slope,Expensive,TRUE,3.2,9:05,21:53
179,Waffle Wonderland,American,Greenwich Village,Medium,FALSE,2.1,9:01,21:13
180,Pizza Palace,Japanese,Williamsburg,Medium,TRUE,4.6,9:47,23:55
181,The Hungry Hippo,Greek,Astoria,Medium,TRUE,4.4,10:43,21:20
182,Burger Barn,Greek,Chelsea,Medium,TRUE,4.7,9:58,21:43
183,Pasta Paradise,Chinese,Harlem,Cheap,FALSE,2.6,10:06,22:28
184,Cafe Caliente,Japanese,Harlem,Expensive,TRUE,1.4,9:34,20:19
185,Pasta Paradise,Thai,Upper East Side,Expensive,TRUE,4.3,11:44,19:54
186,Sushi Sensation,Greek,Williamsburg,Medium,FALSE,1.2,10:29,22:26
187,Pasta Paradise,Indian,Upper East Side,Medium,FALSE,1.8,9:21,22:35
188,BBQ Bonanza,Thai,Chelsea,Expensive,FALSE,3.3,10:57,23:22
189,Burger Barn,Indian,Bushwick,Cheap,FALSE,3.8,10:46,21:41
190,Waffle Wonderland,French,Williamsburg,Medium,TRUE,1.8,10:50,21:47
191,Taco Time,Indian,Astoria,Medium,FALSE,3.9,10:57,22:44
192,Cafe Caliente,Mediterranean,Chelsea,Cheap,TRUE,1,9:55,23:50
193,Sizzling Sausage Shack,Mediterranean,Bushwick,Medium,TRUE,2.2,9:38,22:35
194,The Hungry Hippo,Greek,Harlem,Cheap,FALSE,2.1,11:09,20:59
195,Pasta Paradise,Mediterranean,Chelsea,Expensive,FALSE,4.6,9:01,20:56
196,Pasta Paradise,Indian,Bed-Stuy,Medium,FALSE,4.8,10:33,19:38
197,Sushi Sensation,Mediterranean,Long Island City,Cheap,FALSE,4.1,11:32,23:10
198,Taco Time,Italian,Bed-Stuy,Medium,TRUE,4.3,11:48,19:30
199,Cafe Caliente,Indian,Greenwich Village,Expensive,TRUE,4.2,11:51,20:39
200,The Hungry Hippo,Mexican,Astoria,Expensive,FALSE,4,9:23,23:03
201,The Hungry Hippo,Thai,Bushwick,Medium,FALSE,3.8,10:54,22:41
202,Pasta Paradise,Thai,Chelsea,Cheap,FALSE,3.7,10:48,19:39
203,Pizza Palace,Indian,Harlem,Expensive,FALSE,3.9,10:00,23:11
204,BBQ Bonanza,Indian,Park Slope,Expensive,TRUE,2.2,10:31,19:50
205,Sushi Sensation,Chinese,Chelsea,Cheap,TRUE,3.1,9:02,23:39
206,Sushi Sensation,Chinese,Park Slope,Medium,FALSE,1.9,9:17,20:53
207,Waffle Wonderland,Thai,Harlem,Expensive,TRUE,2.8,11:42,22:58
208,Cafe Caliente,Italian,Long Island City,Cheap,FALSE,4.6,10:56,20:45
209,Pizza Palace,Greek,Long Island City,Medium,TRUE,4.9,10:11,20:06
210,Sizzling Sausage Shack,French,Chelsea,Medium,TRUE,2.9,11:09,22:17
211,Cafe Caliente,Chinese,Astoria,Expensive,FALSE,1.2,10:33,20:46
212,Pizza Palace,Thai,Park Slope,Cheap,FALSE,2.6,11:08,19:48
213,Pasta Paradise,Mexican,Greenwich Village,Cheap,TRUE,4.2,10:45,22:48
214,Sizzling Sausage Shack,Mexican,Park Slope,Expensive,FALSE,3.5,11:54,21:29
215,The Hungry Hippo,American,Upper East Side,Expensive,TRUE,2,11:00,23:44
216,Burger Barn,Mediterranean,Harlem,Cheap,FALSE,4.9,10:04,19:51
217,Pizza Palace,Greek,Chelsea,Cheap,FALSE,4.7,10:46,23:24
218,The Hungry Hippo,French,Williamsburg,Expensive,TRUE,3.6,11:55,20:06
219,The Hungry Hippo,Mediterranean,Harlem,Medium,TRUE,4.8,9:21,20:11
220,Cafe Caliente,French,Park Slope,Cheap,TRUE,3.9,10:56,20:18
221,Pasta Paradise,American,Long Island City,Medium,FALSE,2,11:54,22:50
222,Sushi Sensation,Mediterranean,Astoria,Cheap,TRUE,2.6,11:08,22:45
223,BBQ Bonanza,Greek,Harlem,Cheap,TRUE,1.9,9:43,19:49
224,Pizza Palace,American,Harlem,Medium,TRUE,3.7,11:39,20:40
225,Pizza Palace,Mexican,Chelsea,Medium,TRUE,1.1,9:40,23:14
226,Cafe Caliente,American,Astoria,Medium,TRUE,1.7,10:47,21:56
227,Taco Time,Chinese,Chelsea,Medium,FALSE,3.7,10:49,20:17
228,Cafe Caliente,Indian,Chelsea,Cheap,FALSE,3.8,11:33,23:34
229,The Hungry Hippo,Chinese,Upper East Side,Cheap,FALSE,1.7,10:22,19:45
230,The Hungry Hippo,Thai,Upper East Side,Expensive,FALSE,1.6,11:15,23:54
231,Pasta Paradise,Thai,Williamsburg,Expensive,FALSE,4.1,11:00,22:22
232,Waffle Wonderland,American,Harlem,Medium,TRUE,2.1,9:25,22:12
233,Burger Barn,Indian,Chelsea,Cheap,FALSE,2.8,9:43,22:05
234,Cafe Caliente,American,Chelsea,Cheap,FALSE,1.5,11:42,20:24
235,Pizza Palace,Mediterranean,Greenwich Village,Cheap,TRUE,4.3,10:16,20:34
236,Sizzling Sausage Shack,Italian,Chelsea,Expensive,FALSE,4.1,11:41,19:45
237,Cafe Caliente,Japanese,Long Island City,Cheap,FALSE,3.4,9:52,19:46
238,Pizza Palace,Mediterranean,Greenwich Village,Cheap,FALSE,4.8,11:10,23:32
239,Sizzling Sausage Shack,Mexican,Greenwich Village,Medium,FALSE,4.5,10:45,22:01
240,BBQ Bonanza,Chinese,Williamsburg,Cheap,FALSE,4.7,10:42,21:51
241,Pizza Palace,Thai,Chelsea,Cheap,FALSE,3.6,9:43,23:41
242,Pizza Palace,American,Park Slope,Medium,FALSE,1.8,9:09,22:19
243,Taco Time,Greek,Upper East Side,Medium,TRUE,2.1,11:27,20:41
244,Sizzling Sausage Shack,Indian,Long Island City,Medium,TRUE,4.9,9:55,23:02
245,Pizza Palace,Italian,Greenwich Village,Medium,TRUE,2.8,9:48,23:11
246,Waffle Wonderland,Greek,Park Slope,Medium,TRUE,1.4,9:42,22:30
247,Pasta Paradise,American,Williamsburg,Medium,FALSE,3.8,9:18,21:22
248,Pasta Paradise,Japanese,Upper East Side,Expensive,FALSE,4.4,9:18,21:37
249,The Hungry Hippo,Mexican,Upper East Side,Expensive,FALSE,4.6,10:40,22:58
250,Sizzling Sausage Shack,Greek,Harlem,Medium,TRUE,1.6,10:42,23:17
251,Burger Barn,Greek,Chelsea,Medium,FALSE,1.9,9:47,20:55
252,Sushi Sensation,French,Upper East Side,Cheap,FALSE,3.3,10:31,22:44
253,Pizza Palace,Indian,Upper East Side,Cheap,TRUE,2.7,10:40,23:15
254,Burger Barn,Japanese,Park Slope,Cheap,TRUE,1.4,10:11,23:39
255,Waffle Wonderland,Mexican,Bushwick,Cheap,TRUE,3.3,11:51,21:22
256,Pasta Paradise,Italian,Long Island City,Expensive,TRUE,3.4,9:27,22:09
257,Waffle Wonderland,American,Astoria,Cheap,FALSE,4.6,11:55,20:43
258,Sushi Sensation,Italian,Harlem,Medium,TRUE,1.8,11:10,22:28
259,Taco Time,Mexican,Bushwick,Medium,TRUE,3,10:16,22:02
260,Pizza Palace,Mexican,Chelsea,Cheap,FALSE,3.9,9:41,23:32
261,Sushi Sensation,Greek,Chelsea,Expensive,FALSE,2.5,10:33,21:25
262,Sizzling Sausage Shack,Mediterranean,Williamsburg,Medium,TRUE,1.1,11:06,20:55
263,Waffle Wonderland,Italian,Chelsea,Medium,TRUE,2.6,9:25,20:04
264,Pizza Palace,Mexican,Park Slope,Medium,TRUE,4.2,9:24,21:51
265,Taco Time,American,Long Island City,Expensive,FALSE,4,11:49,22:28
266,Pasta Paradise,Thai,Williamsburg,Medium,TRUE,3.6,9:35,23:18
267,The Hungry Hippo,French,Chelsea,Cheap,FALSE,2.1,11:54,19:44
268,BBQ Bonanza,Greek,Long Island City,Medium,FALSE,1.3,10:38,20:57
269,Sushi Sensation,American,Bed-Stuy,Expensive,FALSE,3,9:24,20:52
270,The Hungry Hippo,Mediterranean,Chelsea,Medium,TRUE,4.2,10:54,23:14
271,Pasta Paradise,Italian,Upper East Side,Medium,TRUE,2.1,9:49,19:33
272,Cafe Caliente,American,Bushwick,Cheap,TRUE,2.2,9:55,20:00
273,Sushi Sensation,Japanese,Upper East Side,Expensive,TRUE,3.7,9:56,22:36
274,Pasta Paradise,Greek,Astoria,Medium,FALSE,4.3,9:23,20:09
275,BBQ Bonanza,Mediterranean,Bed-Stuy,Expensive,FALSE,4,10:51,22:22
276,The Hungry Hippo,Thai,Chelsea,Expensive,FALSE,4.7,9:37,21:14
277,The Hungry Hippo,French,Williamsburg,Expensive,TRUE,2.4,11:44,23:18
278,Burger Barn,American,Williamsburg,Expensive,FALSE,2.2,10:11,23:42
279,Pasta Paradise,Greek,Long Island City,Medium,FALSE,4.2,11:37,20:00
280,Pasta Paradise,American,Chelsea,Medium,TRUE,5,9:44,20:14
281,BBQ Bonanza,Indian,Long Island City,Medium,TRUE,2.4,10:35,21:57
282,Sizzling Sausage Shack,Greek,Harlem,Cheap,FALSE,3.3,9:54,22:48
283,Burger Barn,Thai,Astoria,Medium,TRUE,3.2,9:35,19:59
284,Taco Time,Greek,Long Island City,Cheap,TRUE,3.4,9:12,20:29
285,Pasta Paradise,Italian,Bushwick,Cheap,FALSE,4.7,11:02,20:19
286,Cafe Caliente,Mediterranean,Long Island City,Expensive,FALSE,1.2,10:06,22:37
287,Pizza Palace,Indian,Greenwich Village,Expensive,TRUE,1.1,11:25,20:11
288,Taco Time,Indian,Upper East Side,Expensive,TRUE,2.2,10:34,19:59
289,Waffle Wonderland,Mediterranean,Bushwick,Cheap,TRUE,1.4,10:56,20:21
290,Pasta Paradise,Mexican,Chelsea,Cheap,TRUE,3.8,10:06,21:34
291,BBQ Bonanza,French,Williamsburg,Cheap,TRUE,3.5,9:50,23:43
292,Waffle Wonderland,Chinese,Chelsea,Expensive,TRUE,2.2,11:50,22:52
293,Burger Barn,Mexican,Long Island City,Cheap,FALSE,3.7,11:16,22:35
294,Waffle Wonderland,Greek,Chelsea,Cheap,FALSE,2.2,10:15,22:05
295,Taco Time,Japanese,Long Island City,Expensive,FALSE,1,9:01,23:06
296,Waffle Wonderland,Thai,Greenwich Village,Cheap,FALSE,1,10:02,23:05
297,Taco Time,Indian,Astoria,Medium,TRUE,3.3,9:02,21:34
298,Cafe Caliente,American,Astoria,Expensive,TRUE,2.1,9:57,23:23
299,Burger Barn,Chinese,Harlem,Expensive,FALSE,2.2,11:37,22:30
300,BBQ Bonanza,Italian,Bushwick,Cheap,TRUE,3.1,9:43,20:40
301,Cafe Caliente,Mediterranean,Park Slope,Cheap,TRUE,2,9:53,22:48
302,Pizza Palace,Thai,Harlem,Cheap,FALSE,3.6,9:02,19:41
303,BBQ Bonanza,Thai,Williamsburg,Medium,FALSE,2.3,9:33,20:15
304,Pizza Palace,Greek,Harlem,Medium,TRUE,1.1,11:11,22:50
305,BBQ Bonanza,Thai,Astoria,Expensive,TRUE,2.9,9:14,23:31
306,Waffle Wonderland,Mediterranean,Bed-Stuy,Cheap,FALSE,1.3,10:43,23:05
307,Burger Barn,American,Long Island City,Medium,TRUE,3.5,11:01,20:20
308,Sizzling Sausage Shack,French,Long Island City,Medium,TRUE,1.1,10:20,20:49
309,Pizza Palace,Italian,Harlem,Medium,FALSE,2.8,11:57,23:22
310,Sushi Sensation,French,Bushwick,Expensive,TRUE,1.1,9:14,21:12
311,Taco Time,Mexican,Williamsburg,Medium,FALSE,3.8,11:46,23:49
312,Pasta Paradise,Mexican,Astoria,Expensive,TRUE,3.7,11:07,23:27
313,Cafe Caliente,Mexican,Bed-Stuy,Medium,TRUE,3.5,9:59,19:56
314,Sushi Sensation,Indian,Williamsburg,Expensive,FALSE,1.8,10:58,23:13
315,Pasta Paradise,American,Bushwick,Medium,TRUE,3.7,10:35,23:50
316,Pizza Palace,Indian,Williamsburg,Medium,TRUE,4,11:47,21:57
317,Pasta Paradise,Indian,Park Slope,Medium,FALSE,4.9,9:33,20:45
318,The Hungry Hippo,Mediterranean,Harlem,Cheap,TRUE,3.5,11:09,21:21
319,Burger Barn,American,Bushwick,Cheap,TRUE,3.2,10:45,23:44
320,Waffle Wonderland,Thai,Astoria,Expensive,TRUE,2.7,10:36,19:53
321,Sizzling Sausage Shack,Italian,Bushwick,Medium,FALSE,3.4,9:22,21:09
322,BBQ Bonanza,Mexican,Upper East Side,Medium,TRUE,3.6,9:28,21:14
323,Pizza Palace,Mediterranean,Bushwick,Cheap,FALSE,2.9,9:28,20:22
324,Taco Time,Mexican,Harlem,Medium,FALSE,3.1,9:33,22:36
325,Burger Barn,Greek,Astoria,Expensive,TRUE,2.7,11:03,20:25
326,BBQ Bonanza,Mexican,Harlem,Medium,FALSE,2.4,10:26,20:25
327,BBQ Bonanza,Mexican,Bushwick,Expensive,TRUE,4,11:07,21:49
328,Waffle Wonderland,Indian,Bed-Stuy,Cheap,FALSE,1.8,9:52,20:25
329,Pizza Palace,Thai,Park Slope,Medium,FALSE,1.9,11:37,19:56
330,Burger Barn,Japanese,Bed-Stuy,Medium,TRUE,1.6,11:38,23:01
331,Taco Time,French,Astoria,Expensive,FALSE,3.1,9:36,22:52
332,Waffle Wonderland,French,Upper East Side,Cheap,TRUE,2.3,10:06,20:59
333,Pasta Paradise,Mexican,Bushwick,Cheap,TRUE,2.6,9:46,19:53
334,Pasta Paradise,Chinese,Chelsea,Expensive,TRUE,1.6,11:40,23:46
335,Sushi Sensation,American,Chelsea,Medium,FALSE,2.6,10:05,19:32
336,Pizza Palace,Mexican,Park Slope,Cheap,FALSE,3,9:11,20:12
337,The Hungry Hippo,Thai,Astoria,Expensive,TRUE,2.8,11:04,22:54
338,BBQ Bonanza,Greek,Greenwich Village,Medium,TRUE,1.7,10:31,21:05
339,Sushi Sensation,French,Upper East Side,Medium,TRUE,2.5,10:16,22:02
340,Pasta Paradise,Mediterranean,Chelsea,Medium,TRUE,4.6,11:06,21:10
341,Pasta Paradise,Mexican,Bushwick,Medium,TRUE,3.2,10:05,20:12
342,Burger Barn,Thai,Park Slope,Medium,TRUE,3.2,9:34,23:24
343,BBQ Bonanza,French,Williamsburg,Cheap,FALSE,3.1,9:37,23:34
344,Pasta Paradise,Mexican,Bushwick,Expensive,TRUE,2.5,10:21,21:05
345,Taco Time,Thai,Williamsburg,Expensive,TRUE,2,9:07,21:51
346,Pizza Palace,American,Bushwick,Cheap,TRUE,4.5,11:04,21:06
347,BBQ Bonanza,Italian,Williamsburg,Expensive,TRUE,4.5,9:06,21:31
348,BBQ Bonanza,Greek,Greenwich Village,Cheap,TRUE,4.9,10:25,22:41
349,Waffle Wonderland,Thai,Bushwick,Expensive,FALSE,4.2,9:49,22:47
350,Pasta Paradise,Indian,Greenwich Village,Medium,FALSE,1.6,9:46,20:24
351,Cafe Caliente,Italian,Park Slope,Cheap,FALSE,3.5,11:01,20:08
352,Burger Barn,Thai,Bed-Stuy,Expensive,TRUE,1.3,9:43,23:37
353,Taco Time,Japanese,Long Island City,Medium,FALSE,4.8,10:29,20:33
354,Pasta Paradise,French,Harlem,Medium,FALSE,2.8,10:06,22:01
355,Burger Barn,Chinese,Astoria,Cheap,FALSE,4.9,11:41,22:51
356,BBQ Bonanza,French,Astoria,Expensive,TRUE,3.2,11:40,21:54
357,Taco Time,French,Harlem,Expensive,FALSE,2.9,10:30,23:33
358,Sushi Sensation,Thai,Williamsburg,Medium,TRUE,2.4,9:22,22:27
359,Taco Time,Greek,Bed-Stuy,Cheap,FALSE,3.5,10:23,19:33
360,Sizzling Sausage Shack,Mediterranean,Williamsburg,Cheap,TRUE,5,11:31,21:33
361,The Hungry Hippo,Thai,Park Slope,Medium,TRUE,2,9:04,21:13
362,Waffle Wonderland,Japanese,Chelsea,Medium,TRUE,1.8,9:07,22:14
363,Burger Barn,American,Long Island City,Expensive,TRUE,3.2,9:44,23:25
364,Pasta Paradise,Mediterranean,Long Island City,Cheap,FALSE,2.2,9:31,21:57
365,The Hungry Hippo,American,Bed-Stuy,Cheap,FALSE,2.4,9:12,22:55
366,Sizzling Sausage Shack,Japanese,Greenwich Village,Cheap,TRUE,3.7,10:07,21:22
367,Sizzling Sausage Shack,Mediterranean,Long Island City,Cheap,TRUE,3.8,11:51,23:27
368,Pizza Palace,French,Park Slope,Medium,FALSE,3,10:23,21:35
369,Cafe Caliente,Thai,Upper East Side,Cheap,FALSE,1.3,10:44,23:27
370,Taco Time,Mexican,Williamsburg,Expensive,FALSE,3,11:12,19:56
371,Cafe Caliente,Indian,Chelsea,Cheap,TRUE,1.1,10:04,20:02
372,Waffle Wonderland,American,Chelsea,Medium,FALSE,2.5,9:39,20:50
373,Waffle Wonderland,Thai,Williamsburg,Cheap,FALSE,3.5,10:04,21:25
374,The Hungry Hippo,French,Williamsburg,Medium,FALSE,1.1,10:34,21:28
375,Pasta Paradise,Mediterranean,Upper East Side,Expensive,TRUE,2.6,9:25,19:31
376,Taco Time,Thai,Bushwick,Medium,FALSE,1.3,11:24,21:12
377,The Hungry Hippo,Greek,Park Slope,Expensive,FALSE,1.6,9:20,22:56
378,Cafe Caliente,Japanese,Chelsea,Cheap,FALSE,4.9,11:29,19:34
379,Sushi Sensation,Indian,Harlem,Expensive,TRUE,4,10:35,23:21
380,Burger Barn,Mediterranean,Bushwick,Medium,TRUE,3.6,9:37,20:44
381,Sushi Sensation,Mediterranean,Chelsea,Cheap,TRUE,4.4,10:03,20:35
382,Pasta Paradise,Mexican,Bed-Stuy,Cheap,TRUE,4.3,11:53,23:43
383,Pasta Paradise,French,Bushwick,Expensive,FALSE,4.1,10:50,20:00
384,Waffle Wonderland,Japanese,Bushwick,Expensive,TRUE,4.1,11:07,20:30
385,Sushi Sensation,American,Harlem,Expensive,TRUE,3.5,9:26,21:37
386,Pizza Palace,Chinese,Chelsea,Cheap,TRUE,4.9,9:18,21:16
387,Burger Barn,American,Long Island City,Cheap,FALSE,1.3,11:35,20:32
388,Sizzling Sausage Shack,American,Astoria,Cheap,TRUE,4.8,10:16,22:44
389,Sizzling Sausage Shack,Mediterranean,Astoria,Cheap,TRUE,4.6,10:40,22:43
390,Sizzling Sausage Shack,Italian,Bed-Stuy,Medium,FALSE,4.8,9:10,20:15
391,The Hungry Hippo,Mediterranean,Harlem,Cheap,FALSE,1.3,10:16,22:43
392,BBQ Bonanza,American,Upper East Side,Expensive,FALSE,2.5,9:18,19:53
393,Sizzling Sausage Shack,Indian,Chelsea,Medium,TRUE,1.8,10:56,20:22
394,Sushi Sensation,Mexican,Astoria,Expensive,FALSE,2.1,9:12,21:57
395,Sizzling Sausage Shack,Indian,Upper East Side,Cheap,TRUE,4.9,11:04,23:33
396,BBQ Bonanza,Greek,Greenwich Village,Medium,TRUE,2.4,9:48,22:09
397,Taco Time,Mediterranean,Harlem,Expensive,FALSE,3.3,10:27,19:40
398,Waffle Wonderland,Mediterranean,Chelsea,Expensive,TRUE,2.2,11:13,20:29
399,Sushi Sensation,Japanese,Harlem,Cheap,TRUE,4.6,10:57,20:52
400,BBQ Bonanza,French,Greenwich Village,Medium,FALSE,1.3,9:20,23:47
401,Cafe Caliente,Greek,Bed-Stuy,Medium,FALSE,3.5,10:21,21:45
402,Sushi Sensation,French,Harlem,Cheap,FALSE,3.6,11:13,20:02
403,The Hungry Hippo,French,Astoria,Cheap,FALSE,4.6,9:59,20:22
404,BBQ Bonanza,Chinese,Harlem,Medium,TRUE,2.6,10:52,23:06
405,BBQ Bonanza,Chinese,Greenwich Village,Cheap,TRUE,3.1,11:15,20:20
406,Pizza Palace,Chinese,Harlem,Medium,TRUE,4.9,9:56,20:05
407,Pasta Paradise,Indian,Greenwich Village,Medium,FALSE,1.5,9:37,21:11
408,Burger Barn,American,Chelsea,Medium,TRUE,2.7,10:54,23:25
409,Waffle Wonderland,Italian,Bushwick,Medium,FALSE,3.8,9:40,23:53
410,Taco Time,Chinese,Chelsea,Expensive,FALSE,2.3,9:27,20:43
411,Sizzling Sausage Shack,French,Long Island City,Cheap,FALSE,1.1,9:09,19:45
412,Taco Time,Mediterranean,Greenwich Village,Expensive,FALSE,2.3,10:06,21:26
413,Sizzling Sausage Shack,Indian,Upper East Side,Cheap,TRUE,2.6,11:20,22:19
414,Pasta Paradise,Chinese,Greenwich Village,Cheap,FALSE,1.2,11:08,20:04
415,Pizza Palace,Mediterranean,Astoria,Cheap,FALSE,1.1,11:26,21:01
416,Sushi Sensation,French,Park Slope,Medium,FALSE,4.8,10:31,20:09
417,Pasta Paradise,Thai,Park Slope,Cheap,TRUE,2.8,9:03,22:38
418,Pizza Palace,Indian,Astoria,Cheap,FALSE,3.8,9:30,20:56
419,Waffle Wonderland,Japanese,Bushwick,Expensive,FALSE,4,11:32,22:46
420,Sizzling Sausage Shack,Chinese,Astoria,Medium,TRUE,3.8,9:26,20:55
421,Taco Time,Japanese,Harlem,Expensive,TRUE,1.3,9:30,19:49
422,Taco Time,Japanese,Upper East Side,Cheap,TRUE,1.9,10:16,21:13
423,Pasta Paradise,Japanese,Harlem,Expensive,TRUE,1.9,11:46,21:30
424,Sushi Sensation,Thai,Long Island City,Expensive,FALSE,3.5,11:19,21:35
425,Pasta Paradise,American,Park Slope,Medium,FALSE,4.2,9:57,19:45
426,Sushi Sensation,Mexican,Park Slope,Cheap,FALSE,3.9,11:14,20:23
427,Pizza Palace,Japanese,Upper East Side,Cheap,TRUE,1.1,11:53,23:34
428,Sushi Sensation,Thai,Williamsburg,Medium,FALSE,3.5,10:01,19:54
429,BBQ Bonanza,Greek,Park Slope,Medium,TRUE,3.4,10:44,22:44
430,BBQ Bonanza,Italian,Bed-Stuy,Medium,TRUE,2.1,11:10,21:04
431,Burger Barn,Mexican,Park Slope,Cheap,FALSE,1.7,9:06,21:06
432,Cafe Caliente,Mexican,Williamsburg,Cheap,TRUE,4.8,11:20,23:52
433,Sizzling Sausage Shack,Chinese,Upper East Side,Expensive,FALSE,3,10:27,23:03
434,Burger Barn,Indian,Long Island City,Medium,TRUE,3.3,10:00,20:35
435,BBQ Bonanza,Mediterranean,Bushwick,Cheap,TRUE,2.2,10:20,21:46
436,Sushi Sensation,Mexican,Bed-Stuy,Medium,TRUE,2.9,10:46,23:40
437,Taco Time,French,Upper East Side,Cheap,TRUE,4.8,11:46,20:38
438,Burger Barn,Greek,Bed-Stuy,Expensive,FALSE,3.9,11:40,20:53
439,BBQ Bonanza,Chinese,Bed-Stuy,Medium,FALSE,1.9,10:34,22:13
440,Taco Time,French,Williamsburg,Expensive,FALSE,3.7,11:58,21:09
441,Taco Time,Greek,Greenwich Village,Medium,TRUE,4.8,10:31,23:13
442,Sizzling Sausage Shack,Greek,Park Slope,Medium,FALSE,3.6,11:57,19:30
443,Sizzling Sausage Shack,Chinese,Williamsburg,Expensive,FALSE,3.2,10:47,21:12
444,Taco Time,Mediterranean,Chelsea,Cheap,FALSE,1.4,10:37,23:22
445,The Hungry Hippo,Mexican,Bed-Stuy,Medium,FALSE,2.8,10:21,22:51
446,Cafe Caliente,Greek,Long Island City,Cheap,FALSE,2.8,9:03,21:44
447,Pizza Palace,Mexican,Chelsea,Expensive,TRUE,2.4,9:34,21:22
448,Pizza Palace,French,Astoria,Expensive,TRUE,2.2,10:05,23:12
449,Waffle Wonderland,Indian,Harlem,Expensive,FALSE,2.3,11:15,19:37
450,Pasta Paradise,Chinese,Harlem,Medium,FALSE,4.1,11:51,20:50
451,Pizza Palace,Mediterranean,Long Island City,Medium,FALSE,1.6,10:25,20:00
452,Waffle Wonderland,Italian,Bed-Stuy,Medium,TRUE,1.3,9:39,20:01
453,Sizzling Sausage Shack,Italian,Park Slope,Medium,TRUE,3.2,11:45,20:35
454,Pasta Paradise,Mexican,Chelsea,Expensive,TRUE,2.8,11:20,22:02
455,Sushi Sensation,Indian,Upper East Side,Cheap,FALSE,4,11:07,21:41
456,BBQ Bonanza,Thai,Bed-Stuy,Expensive,TRUE,3.1,11:04,23:34
457,Sushi Sensation,Japanese,Greenwich Village,Cheap,TRUE,4.7,9:32,20:25
458,Taco Time,Thai,Bed-Stuy,Expensive,FALSE,1.1,10:33,21:59
459,Burger Barn,Italian,Bed-Stuy,Cheap,FALSE,4.3,10:24,23:22
460,Sushi Sensation,Mediterranean,Harlem,Expensive,FALSE,4.2,10:27,23:57
461,Sushi Sensation,Thai,Upper East Side,Cheap,FALSE,3.5,11:53,23:52
462,Waffle Wonderland,Mediterranean,Upper East Side,Expensive,FALSE,2.2,9:56,20:51
463,Taco Time,French,Harlem,Expensive,TRUE,4,10:57,23:17
464,The Hungry Hippo,Mexican,Harlem,Expensive,TRUE,3.3,9:44,21:10
465,The Hungry Hippo,Italian,Greenwich Village,Cheap,TRUE,4.6,10:14,22:03
466,Pizza Palace,American,Williamsburg,Medium,FALSE,1.5,11:11,22:26
467,Sushi Sensation,Thai,Greenwich Village,Cheap,TRUE,4,10:39,22:37
468,Burger Barn,Chinese,Upper East Side,Expensive,FALSE,3.2,11:03,22:25
469,Sushi Sensation,Japanese,Bed-Stuy,Expensive,FALSE,3.9,9:42,21:32
470,Waffle Wonderland,French,Upper East Side,Expensive,FALSE,4.6,9:57,23:29
471,Sushi Sensation,Indian,Long Island City,Expensive,TRUE,4,10:58,23:37
472,Cafe Caliente,Mediterranean,Long Island City,Medium,TRUE,2.7,11:17,21:44
473,Waffle Wonderland,Thai,Long Island City,Medium,TRUE,3.3,10:34,21:10
474,Pasta Paradise,Japanese,Upper East Side,Medium,TRUE,2.1,9:44,20:38
475,Sushi Sensation,Japanese,Chelsea,Expensive,FALSE,4.5,11:09,19:32
476,Sushi Sensation,American,Park Slope,Medium,FALSE,4.4,10:45,20:19
477,Pasta Paradise,Mediterranean,Williamsburg,Medium,FALSE,3.6,11:41,20:56
478,Taco Time,Indian,Park Slope,Expensive,FALSE,3.3,9:33,19:36
479,Sizzling Sausage Shack,Italian,Williamsburg,Medium,TRUE,3.5,10:29,23:28
480,Burger Barn,Chinese,Harlem,Expensive,TRUE,1.9,11:49,19:55
481,The Hungry Hippo,Italian,Bushwick,Medium,TRUE,1.7,10:10,21:39
482,Sushi Sensation,Mediterranean,Long Island City,Medium,FALSE,2.7,9:31,20:56
483,Waffle Wonderland,Thai,Astoria,Expensive,TRUE,3.7,10:10,22:44
484,Taco Time,Greek,Park Slope,Cheap,FALSE,3.6,11:44,22:05
485,Sizzling Sausage Shack,Indian,Harlem,Cheap,FALSE,4.5,9:03,21:13
486,Burger Barn,Italian,Bed-Stuy,Cheap,FALSE,3.9,11:21,23:19
487,Sushi Sensation,Greek,Long Island City,Medium,FALSE,2.9,10:32,20:48
488,Pizza Palace,Greek,Long Island City,Cheap,TRUE,2.8,10:48,19:40
489,Sizzling Sausage Shack,Japanese,Greenwich Village,Expensive,TRUE,1.2,11:06,23:22
490,Pizza Palace,Chinese,Greenwich Village,Medium,TRUE,3.4,10:11,19:35
491,Pizza Palace,French,Long Island City,Medium,TRUE,3.5,11:47,21:08
492,Cafe Caliente,French,Bed-Stuy,Medium,FALSE,1.8,11:02,20:13
493,Cafe Caliente,Mexican,Bed-Stuy,Medium,TRUE,2.8,9:32,19:39
494,Waffle Wonderland,Italian,Harlem,Cheap,FALSE,1.4,11:22,21:41
495,Cafe Caliente,Thai,Long Island City,Expensive,FALSE,1.8,11:25,22:40
496,Taco Time,Italian,Bed-Stuy,Cheap,FALSE,4.3,10:54,21:30
497,Sushi Sensation,French,Astoria,Expensive,FALSE,1,10:41,20:55
498,Sizzling Sausage Shack,Thai,Astoria,Medium,FALSE,2.1,9:34,23:56
499,Taco Time,Mediterranean,Williamsburg,Medium,TRUE,3.6,9:54,19:54
500,Burger Barn,Mediterranean,Park Slope,Medium,TRUE,4.2,9:37,19:58
501,Taco Time,Japanese,Park Slope,Medium,FALSE,3.1,11:42,22:37
502,Cafe Caliente,Indian,Long Island City,Medium,FALSE,1.7,9:37,21:02
503,Taco Time,French,Park Slope,Expensive,FALSE,1.7,9:45,23:24
504,Taco Time,Mediterranean,Upper East Side,Cheap,TRUE,2.5,11:03,20:16
505,Pizza Palace,Indian,Bed-Stuy,Expensive,TRUE,2.8,11:34,22:14
506,Waffle Wonderland,American,Harlem,Expensive,TRUE,1.6,10:47,23:54
507,Pizza Palace,American,Bushwick,Medium,FALSE,2.2,9:07,22:13
508,Pizza Palace,Thai,Long Island City,Expensive,FALSE,3.2,10:46,22:30
509,Taco Time,Italian,Park Slope,Cheap,FALSE,4,9:06,21:02
510,Taco Time,Thai,Chelsea,Cheap,FALSE,4,9:02,21:51
511,BBQ Bonanza,American,Bushwick,Cheap,TRUE,2,11:28,20:40
512,BBQ Bonanza,Mediterranean,Greenwich Village,Expensive,TRUE,1.1,9:52,22:41
513,Sizzling Sausage Shack,Thai,Long Island City,Cheap,FALSE,1.2,10:46,21:05
514,Cafe Caliente,Japanese,Chelsea,Cheap,FALSE,3.4,10:43,23:22
515,Burger Barn,Mexican,Park Slope,Medium,FALSE,2.6,11:16,20:34
516,Pizza Palace,Mexican,Upper East Side,Expensive,FALSE,4.4,10:10,19:57
517,Pasta Paradise,American,Astoria,Expensive,FALSE,3.4,10:55,21:29
518,Sushi Sensation,Indian,Long Island City,Cheap,FALSE,4.5,11:46,21:15
519,Burger Barn,American,Long Island City,Cheap,TRUE,1.5,10:36,22:30
520,Pasta Paradise,Mediterranean,Bed-Stuy,Cheap,FALSE,3,10:22,20:41
521,Waffle Wonderland,Japanese,Williamsburg,Expensive,FALSE,2.7,9:18,22:01
522,Pasta Paradise,French,Upper East Side,Expensive,TRUE,2.1,10:02,22:39
523,BBQ Bonanza,American,Chelsea,Medium,TRUE,2.6,10:40,23:42
524,Sizzling Sausage Shack,Indian,Long Island City,Cheap,TRUE,4.3,9:08,23:20
525,Pasta Paradise,Thai,Long Island City,Expensive,FALSE,4.8,11:56,19:32
526,Taco Time,Thai,Upper East Side,Cheap,FALSE,1.9,9:38,21:30
527,Pasta Paradise,American,Bushwick,Expensive,TRUE,4.5,9:20,23:44
528,Pasta Paradise,Mediterranean,Greenwich Village,Expensive,TRUE,1.7,9:19,21:08
529,BBQ Bonanza,Italian,Long Island City,Cheap,TRUE,4.8,9:32,21:20
530,The Hungry Hippo,Thai,Bed-Stuy,Medium,TRUE,4.7,9:09,20:06
531,Pasta Paradise,Mexican,Chelsea,Medium,FALSE,4.4,11:23,21:29
532,Pasta Paradise,American,Long Island City,Expensive,FALSE,2.9,10:45,22:04
533,Sushi Sensation,Chinese,Bed-Stuy,Medium,TRUE,1.2,9:53,21:27
534,The Hungry Hippo,Italian,Harlem,Expensive,TRUE,1,11:58,20:00
535,Waffle Wonderland,Mediterranean,Bushwick,Expensive,FALSE,1.9,9:45,21:46
536,Sushi Sensation,Indian,Harlem,Cheap,FALSE,1.6,9:08,21:51
537,Cafe Caliente,Greek,Bed-Stuy,Expensive,FALSE,1,11:26,23:44
538,Pasta Paradise,French,Long Island City,Expensive,TRUE,3,9:26,23:19
539,Cafe Caliente,Indian,Long Island City,Medium,TRUE,4.6,11:13,23:57
540,Waffle Wonderland,American,Long Island City,Cheap,TRUE,4.5,9:47,22:33
541,Sushi Sensation,Mexican,Bed-Stuy,Expensive,TRUE,4,11:51,20:02
542,Burger Barn,French,Greenwich Village,Medium,FALSE,3.2,11:33,21:32
543,Sizzling Sausage Shack,Indian,Bushwick,Medium,FALSE,2.3,9:53,20:07
544,Pizza Palace,Greek,Astoria,Cheap,FALSE,4.2,11:37,20:16
545,Taco Time,Indian,Greenwich Village,Expensive,FALSE,3,11:57,20:30
546,The Hungry Hippo,Mediterranean,Long Island City,Cheap,FALSE,1.8,10:46,23:39
547,Sizzling Sausage Shack,French,Park Slope,Cheap,FALSE,3.7,11:20,20:50
548,Waffle Wonderland,Mexican,Bushwick,Expensive,FALSE,1.2,9:23,20:09
549,The Hungry Hippo,Indian,Harlem,Medium,FALSE,1.2,10:31,23:00
550,Burger Barn,French,Long Island City,Cheap,TRUE,4.9,11:00,19:55
551,Cafe Caliente,Thai,Long Island City,Cheap,FALSE,3.5,10:21,23:03
552,Taco Time,American,Park Slope,Cheap,FALSE,4.2,11:50,22:40
553,Pizza Palace,French,Greenwich Village,Expensive,FALSE,2.5,11:19,20:39
554,Pizza Palace,Japanese,Harlem,Medium,FALSE,3,11:56,19:34
555,BBQ Bonanza,Greek,Williamsburg,Cheap,TRUE,4.5,9:50,23:31
556,Sushi Sensation,Mexican,Astoria,Expensive,FALSE,4.6,9:07,23:40
557,Sizzling Sausage Shack,Chinese,Greenwich Village,Expensive,FALSE,2.3,10:17,23:26
558,Waffle Wonderland,Mediterranean,Long Island City,Expensive,TRUE,4.1,10:19,20:47
559,Taco Time,American,Upper East Side,Expensive,FALSE,3.1,10:31,23:16
560,Taco Time,Japanese,Chelsea,Cheap,FALSE,1.1,11:30,23:27
561,BBQ Bonanza,Chinese,Park Slope,Medium,TRUE,1.6,10:43,23:06
562,Burger Barn,Chinese,Williamsburg,Medium,TRUE,4.3,10:49,19:43
563,Sushi Sensation,American,Greenwich Village,Expensive,TRUE,4.8,9:43,23:03
564,Pasta Paradise,Chinese,Bushwick,Expensive,FALSE,4.8,11:27,21:55
565,Sushi Sensation,French,Long Island City,Medium,FALSE,4.8,9:50,23:21
566,Burger Barn,Mexican,Chelsea,Medium,TRUE,4.4,10:57,23:55
567,BBQ Bonanza,Chinese,Upper East Side,Cheap,FALSE,1.4,11:40,19:45
568,Pasta Paradise,Indian,Chelsea,Medium,FALSE,1.5,10:00,20:34
569,Taco Time,Chinese,Bed-Stuy,Expensive,FALSE,3.3,9:25,20:18
570,Sushi Sensation,Japanese,Bushwick,Medium,FALSE,1.7,10:10,21:21
571,Sizzling Sausage Shack,Chinese,Long Island City,Expensive,FALSE,3,10:39,20:15
572,Pizza Palace,Japanese,Long Island City,Medium,TRUE,2.7,10:08,21:10
573,The Hungry Hippo,Greek,Greenwich Village,Expensive,TRUE,3.5,9:18,23:00
574,BBQ Bonanza,Mexican,Astoria,Medium,TRUE,2.7,10:24,20:38
575,BBQ Bonanza,French,Harlem,Medium,TRUE,2.8,9:29,22:54
576,Taco Time,Italian,Astoria,Cheap,FALSE,4.5,10:39,20:55
577,Burger Barn,Greek,Long Island City,Cheap,FALSE,2.3,9:15,22:01
578,Cafe Caliente,Japanese,Long Island City,Expensive,FALSE,4.5,10:17,22:00
579,Taco Time,Greek,Chelsea,Expensive,TRUE,2.2,9:51,20:37
580,Pasta Paradise,Greek,Astoria,Medium,TRUE,2.9,10:35,19:55
581,Waffle Wonderland,French,Park Slope,Cheap,FALSE,1.1,9:42,22:44
582,Pizza Palace,Mexican,Harlem,Medium,FALSE,1.6,9:31,21:03
583,Pasta Paradise,American,Astoria,Medium,TRUE,1.5,11:17,23:43
584,Pizza Palace,Italian,Greenwich Village,Medium,TRUE,2.7,11:53,20:51
585,Burger Barn,Japanese,Long Island City,Medium,TRUE,3,11:48,23:26
586,Cafe Caliente,Thai,Greenwich Village,Cheap,TRUE,4.5,10:21,21:59
587,Waffle Wonderland,American,Chelsea,Cheap,FALSE,3.8,10:26,23:16
588,Pizza Palace,Japanese,Chelsea,Medium,TRUE,2.5,10:56,23:09
589,Taco Time,Chinese,Bushwick,Cheap,TRUE,3.1,10:35,23:28
590,Sushi Sensation,Indian,Greenwich Village,Expensive,FALSE,1.6,11:06,20:06
591,BBQ Bonanza,Japanese,Greenwich Village,Medium,TRUE,1.5,10:48,21:29
592,Sushi Sensation,Mediterranean,Harlem,Medium,TRUE,4.5,10:49,22:01
593,Pasta Paradise,Mediterranean,Bushwick,Cheap,TRUE,3.8,10:30,23:56
594,Sushi Sensation,Indian,Long Island City,Medium,FALSE,5,9:44,21:17
595,Sizzling Sausage Shack,American,Williamsburg,Expensive,TRUE,2.1,10:29,22:00
596,Waffle Wonderland,Japanese,Chelsea,Expensive,TRUE,4.3,9:37,21:23
597,The Hungry Hippo,Indian,Chelsea,Cheap,FALSE,1.1,11:41,21:08
598,BBQ Bonanza,Japanese,Park Slope,Medium,FALSE,4.4,9:56,22:09
599,Pizza Palace,French,Greenwich Village,Expensive,TRUE,1.3,11:57,20:29
600,The Hungry Hippo,Mexican,Bushwick,Medium,FALSE,2.1,10:33,22:47
601,Cafe Caliente,Indian,Greenwich Village,Expensive,FALSE,3.9,10:21,22:46
602,Waffle Wonderland,Japanese,Astoria,Expensive,FALSE,1.9,10:25,20:27
603,BBQ Bonanza,Greek,Greenwich Village,Cheap,FALSE,2.3,9:59,23:15
604,Waffle Wonderland,Chinese,Harlem,Medium,FALSE,4.7,10:11,20:22
605,Burger Barn,Mexican,Upper East Side,Medium,TRUE,3.9,10:39,19:54
606,The Hungry Hippo,Italian,Astoria,Medium,FALSE,4.5,9:31,21:45
607,Taco Time,Greek,Williamsburg,Cheap,FALSE,3.3,11:57,22:58
608,Waffle Wonderland,American,Park Slope,Expensive,TRUE,3.5,10:56,21:16
609,Waffle Wonderland,Italian,Chelsea,Cheap,TRUE,1.1,9:35,21:03
610,Cafe Caliente,Mexican,Bushwick,Expensive,TRUE,4.4,9:30,21:54
611,The Hungry Hippo,Mediterranean,Greenwich Village,Expensive,TRUE,4.6,10:11,20:08
612,Sushi Sensation,Indian,Harlem,Cheap,FALSE,4.9,11:12,20:45
613,The Hungry Hippo,Japanese,Park Slope,Cheap,FALSE,4.4,11:51,21:34
614,Waffle Wonderland,Italian,Bushwick,Cheap,TRUE,1.3,11:53,23:58
615,Waffle Wonderland,French,Astoria,Medium,FALSE,2.3,9:51,19:56
616,The Hungry Hippo,American,Park Slope,Expensive,TRUE,3.2,9:29,21:15
617,Burger Barn,Mexican,Greenwich Village,Cheap,FALSE,2.9,10:45,21:31
618,Pizza Palace,Mexican,Bushwick,Expensive,TRUE,3,10:24,19:33
619,Waffle Wonderland,Chinese,Bed-Stuy,Expensive,FALSE,1.7,10:35,22:30
620,Cafe Caliente,Chinese,Park Slope,Medium,FALSE,4.1,9:41,23:38
621,Taco Time,Japanese,Williamsburg,Medium,FALSE,4.8,10:51,23:26
622,Cafe Caliente,French,Long Island City,Medium,FALSE,1.4,11:26,23:17
623,Cafe Caliente,Mexican,Astoria,Medium,TRUE,4.7,11:38,22:41
624,Sizzling Sausage Shack,Japanese,Long Island City,Expensive,TRUE,3,10:09,23:53
625,Sushi Sensation,Mediterranean,Long Island City,Cheap,FALSE,4.6,10:43,21:51
626,The Hungry Hippo,Thai,Greenwich Village,Medium,FALSE,2.7,9:58,20:28
627,BBQ Bonanza,American,Williamsburg,Cheap,TRUE,3.6,9:03,21:56
628,Waffle Wonderland,Mediterranean,Harlem,Cheap,FALSE,2.8,9:15,19:38
629,Waffle Wonderland,Mexican,Upper East Side,Expensive,FALSE,4.2,10:09,23:32
630,Pizza Palace,American,Greenwich Village,Expensive,TRUE,3.9,11:10,19:58
631,Waffle Wonderland,Japanese,Chelsea,Cheap,FALSE,2,9:52,19:47
632,Waffle Wonderland,Thai,Williamsburg,Cheap,TRUE,1.9,9:17,20:11
633,Waffle Wonderland,American,Upper East Side,Medium,TRUE,4.1,10:39,22:33
634,BBQ Bonanza,Italian,Harlem,Expensive,FALSE,4.2,9:51,23:57
635,The Hungry Hippo,Mexican,Bed-Stuy,Cheap,FALSE,4.1,9:15,21:24
636,The Hungry Hippo,Chinese,Greenwich Village,Medium,TRUE,1.8,10:25,22:23
637,Taco Time,American,Bushwick,Medium,FALSE,1.8,9:19,20:46
638,Burger Barn,Chinese,Chelsea,Medium,FALSE,2,10:30,22:42
639,The Hungry Hippo,American,Harlem,Medium,FALSE,2.7,9:36,21:10
640,Waffle Wonderland,Italian,Bed-Stuy,Cheap,FALSE,2.9,10:22,20:31
641,Pasta Paradise,Chinese,Long Island City,Expensive,FALSE,3.2,11:21,21:55
642,The Hungry Hippo,Japanese,Park Slope,Expensive,FALSE,4.1,10:12,21:34
643,Pizza Palace,Chinese,Upper East Side,Expensive,TRUE,3.2,9:50,23:53
644,Taco Time,Indian,Bed-Stuy,Expensive,TRUE,4.6,9:51,22:33
645,BBQ Bonanza,Japanese,Williamsburg,Expensive,FALSE,1,9:32,20:21
646,Pizza Palace,Thai,Chelsea,Cheap,TRUE,3.9,11:02,23:09
647,Burger Barn,French,Harlem,Expensive,FALSE,4.9,10:49,23:34
648,Sushi Sensation,Chinese,Bushwick,Expensive,TRUE,2.3,9:54,21:21
649,BBQ Bonanza,French,Harlem,Medium,FALSE,2,9:21,23:02
650,Cafe Caliente,French,Greenwich Village,Expensive,FALSE,2.1,11:09,19:59
651,Pasta Paradise,American,Bed-Stuy,Cheap,TRUE,4.4,11:22,23:37
652,BBQ Bonanza,Italian,Greenwich Village,Expensive,FALSE,3.1,9:48,20:41
653,BBQ Bonanza,Chinese,Bushwick,Medium,FALSE,4.6,11:03,20:08
654,Cafe Caliente,Mediterranean,Bushwick,Cheap,TRUE,1.1,11:04,22:08
655,Sushi Sensation,Japanese,Astoria,Expensive,FALSE,1.4,9:22,22:48
656,Taco Time,Italian,Upper East Side,Cheap,FALSE,3.4,10:00,23:43
657,The Hungry Hippo,French,Astoria,Cheap,FALSE,3.3,9:30,23:49
658,Sizzling Sausage Shack,Chinese,Bushwick,Cheap,TRUE,4.2,11:35,21:40
659,BBQ Bonanza,Italian,Bed-Stuy,Cheap,TRUE,4.1,9:25,22:45
660,Taco Time,Italian,Bushwick,Cheap,TRUE,1.4,9:51,22:40
661,Pasta Paradise,Chinese,Bushwick,Expensive,TRUE,2,10:17,19:45
662,BBQ Bonanza,Mexican,Upper East Side,Expensive,TRUE,3.1,9:15,23:12
663,Waffle Wonderland,Thai,Astoria,Cheap,TRUE,1.5,11:54,21:52
664,Burger Barn,Greek,Astoria,Expensive,TRUE,4.4,10:25,21:59
665,Pasta Paradise,Chinese,Williamsburg,Medium,FALSE,2.7,9:51,20:27
666,Burger Barn,American,Upper East Side,Medium,TRUE,1.5,9:03,20:29
667,Sizzling Sausage Shack,French,Long Island City,Expensive,FALSE,1.8,10:13,22:17
668,Burger Barn,Mexican,Bushwick,Expensive,TRUE,3.3,11:17,20:14
669,The Hungry Hippo,Mediterranean,Long Island City,Medium,FALSE,3.4,10:29,19:32
670,Cafe Caliente,American,Long Island City,Cheap,FALSE,4.5,9:55,23:32
671,Burger Barn,Thai,Greenwich Village,Medium,FALSE,2.3,11:27,21:59
672,Cafe Caliente,Chinese,Harlem,Expensive,FALSE,1.1,9:01,19:54
673,Sushi Sensation,Greek,Park Slope,Expensive,TRUE,1.7,10:51,19:38
674,Pasta Paradise,French,Bed-Stuy,Cheap,TRUE,3.6,10:42,19:43
675,Pizza Palace,Mediterranean,Upper East Side,Expensive,TRUE,3.4,11:40,20:08
676,Sizzling Sausage Shack,Mediterranean,Upper East Side,Cheap,TRUE,2.5,11:41,23:31
677,BBQ Bonanza,Japanese,Williamsburg,Expensive,TRUE,1.3,11:05,22:10
678,Pizza Palace,Italian,Harlem,Expensive,TRUE,3.7,10:41,22:39
679,Cafe Caliente,American,Williamsburg,Medium,FALSE,4.3,10:05,23:15
680,Sushi Sensation,Indian,Williamsburg,Cheap,FALSE,3.7,9:34,23:30
681,Pizza Palace,Japanese,Astoria,Cheap,FALSE,4,9:21,23:39
682,Waffle Wonderland,Chinese,Upper East Side,Cheap,TRUE,3.7,10:32,21:26
683,Pasta Paradise,Greek,Astoria,Expensive,TRUE,1.8,11:26,20:06
684,Sushi Sensation,Chinese,Chelsea,Medium,TRUE,1.4,10:31,22:36
685,Waffle Wonderland,Mexican,Long Island City,Cheap,TRUE,4,10:33,21:22
686,Taco Time,Greek,Astoria,Cheap,FALSE,1.5,11:01,22:21
687,Burger Barn,Italian,Greenwich Village,Medium,FALSE,4.6,9:13,19:32
688,The Hungry Hippo,Greek,Chelsea,Cheap,FALSE,3.7,10:57,20:43
689,BBQ Bonanza,Chinese,Bed-Stuy,Expensive,TRUE,4.6,10:38,21:33
690,The Hungry Hippo,Indian,Park Slope,Cheap,TRUE,1.4,9:01,21:56
691,Waffle Wonderland,Mediterranean,Park Slope,Expensive,FALSE,3,10:47,20:51
692,Sizzling Sausage Shack,Japanese,Park Slope,Expensive,TRUE,2.4,11:09,23:47
693,Sushi Sensation,Mediterranean,Greenwich Village,Cheap,TRUE,3.8,10:35,19:32
694,The Hungry Hippo,Mexican,Williamsburg,Medium,FALSE,1.2,9:49,22:19
695,The Hungry Hippo,Indian,Astoria,Expensive,FALSE,1.2,11:29,22:37
696,BBQ Bonanza,Chinese,Long Island City,Medium,FALSE,1.7,11:22,21:04
697,Burger Barn,Chinese,Long Island City,Medium,FALSE,3.7,11:11,21:33
698,Cafe Caliente,French,Long Island City,Cheap,FALSE,4.2,10:21,23:47
699,The Hungry Hippo,Italian,Greenwich Village,Medium,TRUE,1.4,10:58,22:15
700,Pasta Paradise,Greek,Upper East Side,Medium,TRUE,4.1,11:56,21:17
701,Waffle Wonderland,Greek,Park Slope,Cheap,TRUE,4.1,11:30,20:49
702,Sizzling Sausage Shack,Italian,Park Slope,Cheap,TRUE,4.5,11:10,22:10
703,Cafe Caliente,Indian,Harlem,Cheap,FALSE,1.2,11:38,21:00
704,Pizza Palace,Italian,Bushwick,Cheap,FALSE,3.4,11:58,19:59
705,Burger Barn,Mediterranean,Chelsea,Expensive,FALSE,3.1,9:18,19:31
706,Pasta Paradise,Indian,Long Island City,Cheap,FALSE,1.9,11:51,22:36
707,Waffle Wonderland,Mexican,Astoria,Cheap,TRUE,4.8,9:37,21:15
708,The Hungry Hippo,Thai,Chelsea,Expensive,TRUE,3.8,10:43,22:19
709,Sizzling Sausage Shack,Chinese,Park Slope,Cheap,TRUE,4.8,9:54,23:19
710,Taco Time,Greek,Williamsburg,Medium,FALSE,3,11:33,21:00
711,Pasta Paradise,Greek,Long Island City,Cheap,TRUE,1.1,11:45,23:11
712,Burger Barn,American,Bushwick,Medium,FALSE,2.7,9:07,22:49
713,Pizza Palace,Japanese,Bed-Stuy,Medium,FALSE,4.2,10:17,22:48
714,Sushi Sensation,Thai,Bed-Stuy,Medium,FALSE,1.5,11:12,19:32
715,Cafe Caliente,French,Bushwick,Medium,FALSE,4.9,9:47,20:51
716,Waffle Wonderland,Chinese,Chelsea,Medium,FALSE,2.3,9:29,20:52
717,Sizzling Sausage Shack,Greek,Long Island City,Cheap,TRUE,4,9:03,21:01
718,Sushi Sensation,Indian,Bed-Stuy,Expensive,FALSE,1.7,11:16,19:44
719,Burger Barn,Mexican,Harlem,Cheap,FALSE,3.5,10:42,23:50
720,Pasta Paradise,Italian,Williamsburg,Medium,FALSE,4.1,10:20,22:24
721,Cafe Caliente,Indian,Williamsburg,Expensive,TRUE,2.8,10:06,19:33
722,BBQ Bonanza,Chinese,Long Island City,Cheap,FALSE,1.8,11:28,23:58
723,Sushi Sensation,Chinese,Astoria,Cheap,TRUE,3.1,9:14,23:08
724,Pasta Paradise,Mexican,Upper East Side,Expensive,FALSE,4.6,9:58,19:30
725,Burger Barn,Mexican,Chelsea,Expensive,FALSE,4.5,11:30,20:18
726,BBQ Bonanza,Italian,Greenwich Village,Medium,FALSE,5,10:40,19:32
727,The Hungry Hippo,Japanese,Astoria,Expensive,FALSE,1.2,11:58,21:37
728,Burger Barn,Italian,Park Slope,Cheap,FALSE,3,11:11,22:09
729,Sushi Sensation,Thai,Park Slope,Cheap,FALSE,3.3,10:14,23:24
730,Pizza Palace,Greek,Park Slope,Medium,FALSE,1.3,10:23,20:59
731,Taco Time,French,Greenwich Village,Cheap,FALSE,2.3,11:23,22:12
732,Cafe Caliente,American,Williamsburg,Medium,TRUE,3.6,9:15,22:44
733,Taco Time,Japanese,Astoria,Expensive,TRUE,4.9,9:22,19:49
734,BBQ Bonanza,French,Bushwick,Expensive,FALSE,2.9,9:18,23:47
735,BBQ Bonanza,Italian,Long Island City,Cheap,FALSE,3.4,10:02,19:49
736,Sushi Sensation,Indian,Bushwick,Cheap,FALSE,2.7,9:46,20:32
737,Pizza Palace,Mexican,Harlem,Expensive,TRUE,3.4,10:55,23:50
738,Pasta Paradise,Greek,Chelsea,Expensive,FALSE,4.1,11:26,20:31
739,The Hungry Hippo,Thai,Greenwich Village,Medium,FALSE,1,10:50,22:16
740,Sushi Sensation,Japanese,Chelsea,Expensive,TRUE,4,10:37,22:37
741,Sizzling Sausage Shack,French,Upper East Side,Cheap,FALSE,4.6,10:39,22:43
742,Sizzling Sausage Shack,French,Long Island City,Cheap,FALSE,4.1,11:38,20:32
743,Pasta Paradise,American,Chelsea,Expensive,TRUE,4.1,9:25,22:02
744,Burger Barn,Thai,Bed-Stuy,Cheap,FALSE,5,10:30,20:59
745,Waffle Wonderland,Mediterranean,Upper East Side,Medium,FALSE,1.6,9:46,21:10
746,Taco Time,Indian,Harlem,Expensive,TRUE,2.9,10:43,19:36
747,Waffle Wonderland,Chinese,Greenwich Village,Medium,TRUE,4.6,11:50,19:47
748,BBQ Bonanza,Indian,Chelsea,Medium,FALSE,3.5,11:26,22:29
749,Sushi Sensation,Indian,Bushwick,Medium,TRUE,3.5,11:14,21:39
750,Sizzling Sausage Shack,Mediterranean,Greenwich Village,Cheap,FALSE,3.5,9:19,23:35
751,Pasta Paradise,American,Bed-Stuy,Expensive,TRUE,3.7,9:38,23:55
752,Sizzling Sausage Shack,Italian,Astoria,Medium,FALSE,4.6,10:29,20:06
753,Burger Barn,Thai,Astoria,Expensive,TRUE,3.8,11:04,20:35
754,Taco Time,Mediterranean,Harlem,Cheap,FALSE,1.1,11:29,22:13
755,The Hungry Hippo,Mexican,Upper East Side,Medium,FALSE,2.9,9:23,23:55
756,Sizzling Sausage Shack,Japanese,Park Slope,Expensive,TRUE,3.1,11:07,22:16
757,The Hungry Hippo,Greek,Astoria,Medium,TRUE,1.1,10:46,20:23
758,Burger Barn,Thai,Bushwick,Expensive,FALSE,3.4,10:08,23:57
759,Pizza Palace,Mediterranean,Park Slope,Medium,FALSE,1.6,11:14,22:22
760,Waffle Wonderland,Thai,Harlem,Medium,TRUE,4.2,10:30,21:26
761,Pizza Palace,Thai,Chelsea,Medium,FALSE,4.9,9:13,22:58
762,Pizza Palace,Italian,Upper East Side,Medium,FALSE,2.5,9:54,23:41
763,Waffle Wonderland,Greek,Williamsburg,Cheap,FALSE,3.1,9:02,23:38
764,Cafe Caliente,Thai,Astoria,Medium,FALSE,2.1,9:27,19:50
765,Pasta Paradise,Japanese,Chelsea,Expensive,FALSE,4.3,11:23,23:36
766,BBQ Bonanza,Mexican,Chelsea,Expensive,TRUE,4.4,9:47,20:08
767,Taco Time,American,Upper East Side,Cheap,FALSE,2,9:40,19:51
768,Sizzling Sausage Shack,Thai,Long Island City,Cheap,TRUE,3.9,11:28,21:47
769,The Hungry Hippo,Japanese,Long Island City,Expensive,TRUE,3.5,10:12,21:28
770,Taco Time,Chinese,Harlem,Medium,FALSE,2.4,11:44,21:07
771,Taco Time,Indian,Chelsea,Cheap,FALSE,3.8,11:26,20:17
772,Sizzling Sausage Shack,Italian,Bed-Stuy,Expensive,FALSE,4.5,9:07,20:42
773,Waffle Wonderland,French,Williamsburg,Expensive,TRUE,2.2,10:24,22:54
774,Sizzling Sausage Shack,American,Chelsea,Cheap,FALSE,2.9,9:38,23:16
775,Sizzling Sausage Shack,Mediterranean,Harlem,Cheap,TRUE,4.8,9:54,21:59
776,Pizza Palace,Japanese,Chelsea,Expensive,FALSE,3.6,11:18,22:29
777,Pasta Paradise,Mediterranean,Greenwich Village,Expensive,TRUE,4.7,9:54,22:58
778,Pasta Paradise,American,Bushwick,Expensive,TRUE,1.9,10:06,21:08
779,Pizza Palace,Mediterranean,Park Slope,Expensive,FALSE,1.4,10:41,23:47
780,Pasta Paradise,American,Greenwich Village,Medium,TRUE,2.3,10:46,21:18
781,Pizza Palace,French,Bed-Stuy,Cheap,FALSE,4.4,9:37,20:24
782,Pizza Palace,Thai,Harlem,Medium,TRUE,3.1,10:51,23:26
783,BBQ Bonanza,Italian,Williamsburg,Medium,FALSE,3.2,9:25,19:52
784,Burger Barn,Thai,Park Slope,Cheap,FALSE,4.3,11:35,22:31
785,Sushi Sensation,Mexican,Williamsburg,Cheap,FALSE,1.2,9:30,21:28
786,Taco Time,Thai,Chelsea,Cheap,TRUE,2.7,10:52,22:14
787,Burger Barn,American,Long Island City,Cheap,TRUE,2.1,11:31,23:32
788,Burger Barn,Chinese,Astoria,Expensive,TRUE,2.5,10:56,23:26
789,Burger Barn,American,Long Island City,Cheap,FALSE,4.8,11:49,20:44
790,Waffle Wonderland,French,Harlem,Expensive,FALSE,1.6,10:41,23:40
791,The Hungry Hippo,Mexican,Harlem,Cheap,FALSE,2,11:19,19:41
792,Sushi Sensation,Italian,Williamsburg,Medium,FALSE,2,10:44,21:08
793,The Hungry Hippo,Mexican,Bushwick,Medium,TRUE,1.1,11:01,19:45
794,BBQ Bonanza,Thai,Bushwick,Medium,FALSE,2.9,10:42,21:16
795,Sushi Sensation,Mediterranean,Bed-Stuy,Medium,FALSE,1.6,9:03,21:36
796,Waffle Wonderland,Indian,Bed-Stuy,Expensive,FALSE,2.7,11:12,20:32
797,Cafe Caliente,Chinese,Upper East Side,Medium,FALSE,2.2,10:11,21:35
798,The Hungry Hippo,Thai,Greenwich Village,Medium,TRUE,3.9,10:50,23:24
799,Waffle Wonderland,Mexican,Upper East Side,Medium,TRUE,4.1,10:29,23:47
800,The Hungry Hippo,Chinese,Long Island City,Medium,FALSE,3.2,11:49,21:23
801,Sizzling Sausage Shack,Mediterranean,Long Island City,Expensive,TRUE,3.2,9:58,21:56
802,Sizzling Sausage Shack,Indian,Williamsburg,Medium,FALSE,3.3,9:41,21:18
803,Pasta Paradise,Mediterranean,Upper East Side,Cheap,TRUE,3.2,10:30,23:32
804,Taco Time,Thai,Astoria,Medium,FALSE,2.1,10:33,23:19
805,Waffle Wonderland,Chinese,Upper East Side,Expensive,FALSE,3.5,9:58,20:16
806,Sizzling Sausage Shack,Chinese,Williamsburg,Medium,FALSE,2.4,10:20,20:20
807,Cafe Caliente,Thai,Chelsea,Expensive,TRUE,3.1,9:33,21:49
808,Sizzling Sausage Shack,French,Chelsea,Medium,FALSE,1.9,10:38,19:45
809,Waffle Wonderland,Greek,Bushwick,Cheap,FALSE,4.3,9:01,20:22
810,Pasta Paradise,Chinese,Park Slope,Cheap,TRUE,1,9:15,21:02
811,BBQ Bonanza,Indian,Williamsburg,Medium,TRUE,3.5,11:05,22:07
812,BBQ Bonanza,Mexican,Bed-Stuy,Medium,TRUE,3.2,11:38,23:30
813,Pizza Palace,Mediterranean,Bushwick,Medium,FALSE,2.4,10:06,21:32
814,Cafe Caliente,Indian,Greenwich Village,Cheap,FALSE,1.9,10:58,21:59
815,Cafe Caliente,Indian,Long Island City,Medium,FALSE,1.1,10:04,19:45
816,Waffle Wonderland,Chinese,Long Island City,Expensive,FALSE,2,10:44,20:05
817,Taco Time,Chinese,Upper East Side,Cheap,TRUE,2.1,9:23,21:49
818,Taco Time,Italian,Harlem,Expensive,FALSE,2,10:21,23:22
819,Sizzling Sausage Shack,Greek,Harlem,Expensive,TRUE,4.2,11:53,22:23
820,Sizzling Sausage Shack,Mexican,Astoria,Cheap,TRUE,4.2,11:13,20:30
821,Burger Barn,Mexican,Park Slope,Expensive,TRUE,2.1,10:50,20:59
822,BBQ Bonanza,Japanese,Upper East Side,Cheap,TRUE,3.2,11:52,20:26
823,Cafe Caliente,Greek,Harlem,Medium,FALSE,2.6,10:11,21:02
824,Pasta Paradise,Mexican,Park Slope,Medium,TRUE,1.3,10:27,20:25
825,Taco Time,Japanese,Chelsea,Expensive,FALSE,3.3,10:34,19:44
826,Sushi Sensation,American,Park Slope,Medium,FALSE,1.8,10:18,20:02
827,Sizzling Sausage Shack,Mediterranean,Bushwick,Cheap,TRUE,2.6,11:58,19:30
828,Pasta Paradise,French,Williamsburg,Expensive,TRUE,4.3,10:32,23:57
829,Pasta Paradise,Mexican,Bed-Stuy,Medium,FALSE,2.7,10:40,19:41
830,BBQ Bonanza,Greek,Chelsea,Cheap,FALSE,2,10:26,22:37
831,Sushi Sensation,Mexican,Park Slope,Expensive,TRUE,2.7,11:03,19:46
832,Sushi Sensation,Mediterranean,Harlem,Expensive,TRUE,4.7,11:57,21:33
833,Sushi Sensation,Italian,Harlem,Expensive,TRUE,3,11:17,20:19
834,Pasta Paradise,Chinese,Harlem,Cheap,TRUE,2.2,9:58,23:00
835,Pizza Palace,French,Williamsburg,Medium,TRUE,1.1,10:10,21:11
836,Pizza Palace,French,Long Island City,Cheap,FALSE,1.8,11:34,21:33
837,Taco Time,Japanese,Bushwick,Medium,TRUE,2.9,11:13,22:02
838,Cafe Caliente,Mediterranean,Park Slope,Expensive,TRUE,4.2,9:17,21:54
839,Taco Time,Chinese,Astoria,Expensive,FALSE,3.9,11:56,21:32
840,Taco Time,Italian,Chelsea,Medium,FALSE,1.4,9:58,21:24
841,Sushi Sensation,Chinese,Upper East Side,Expensive,FALSE,4.1,9:00,21:38
842,Burger Barn,French,Bushwick,Medium,TRUE,2.7,9:44,23:49
843,BBQ Bonanza,Italian,Upper East Side,Cheap,FALSE,4.3,9:10,23:02
844,Pizza Palace,Thai,Williamsburg,Expensive,TRUE,1.7,9:10,19:56
845,Sizzling Sausage Shack,Chinese,Bushwick,Medium,TRUE,4.8,10:26,23:45
846,Sushi Sensation,American,Greenwich Village,Expensive,FALSE,1.5,11:43,22:45
847,Sizzling Sausage Shack,Greek,Bushwick,Medium,FALSE,2.5,11:12,19:43
848,Cafe Caliente,Chinese,Greenwich Village,Cheap,FALSE,4.8,9:56,20:38
849,Taco Time,Japanese,Long Island City,Medium,TRUE,3.1,9:40,22:41
850,Cafe Caliente,Mexican,Chelsea,Medium,FALSE,3.1,11:09,23:31
851,The Hungry Hippo,Japanese,Astoria,Cheap,TRUE,3.3,9:09,20:11
852,BBQ Bonanza,Mexican,Bed-Stuy,Cheap,FALSE,3.5,11:58,23:09
853,BBQ Bonanza,Italian,Harlem,Medium,TRUE,2.4,9:30,23:20
854,Sizzling Sausage Shack,Italian,Chelsea,Cheap,TRUE,4.1,11:13,20:16
855,Sizzling Sausage Shack,Indian,Bed-Stuy,Expensive,FALSE,4.9,9:19,20:35
856,Taco Time,Chinese,Greenwich Village,Cheap,TRUE,4.3,11:39,20:45
857,Waffle Wonderland,American,Williamsburg,Cheap,FALSE,2,11:19,20:01
858,Cafe Caliente,French,Bed-Stuy,Expensive,FALSE,1.2,11:22,23:12
859,Cafe Caliente,Greek,Chelsea,Cheap,FALSE,2.1,10:10,22:02
860,The Hungry Hippo,Japanese,Greenwich Village,Cheap,FALSE,3.4,10:02,22:17
861,Burger Barn,Italian,Upper East Side,Expensive,TRUE,3.7,11:05,19:34
862,Pasta Paradise,Italian,Greenwich Village,Expensive,FALSE,4.6,10:16,21:55
863,Sushi Sensation,American,Williamsburg,Expensive,FALSE,3.6,10:42,19:39
864,BBQ Bonanza,Indian,Williamsburg,Expensive,FALSE,4.1,11:20,19:33
865,Waffle Wonderland,Thai,Park Slope,Medium,FALSE,2.9,9:18,23:35
866,Sushi Sensation,Italian,Bushwick,Expensive,FALSE,4.7,10:43,21:25
867,The Hungry Hippo,French,Williamsburg,Expensive,TRUE,3.1,9:24,20:49
868,BBQ Bonanza,American,Long Island City,Medium,TRUE,3.6,11:40,21:11
869,BBQ Bonanza,Indian,Upper East Side,Cheap,FALSE,1.9,10:46,23:35
870,The Hungry Hippo,Chinese,Astoria,Expensive,FALSE,1.4,11:05,21:21
871,Pizza Palace,Mediterranean,Upper East Side,Medium,FALSE,2.2,9:53,23:12
872,Sushi Sensation,Greek,Long Island City,Medium,FALSE,2.4,9:09,21:01
873,Sushi Sensation,American,Greenwich Village,Cheap,FALSE,3,11:20,22:23
874,Sizzling Sausage Shack,Chinese,Long Island City,Cheap,FALSE,2.8,10:22,20:45
875,Sizzling Sausage Shack,Chinese,Upper East Side,Cheap,FALSE,1.1,10:44,22:14
876,Pizza Palace,Mexican,Harlem,Expensive,TRUE,4.6,11:41,22:17
877,Pizza Palace,Thai,Greenwich Village,Medium,TRUE,2.4,9:59,20:14
878,Taco Time,Italian,Astoria,Medium,TRUE,3,11:27,21:02
879,BBQ Bonanza,Italian,Williamsburg,Expensive,TRUE,3,9:12,21:04
880,Sushi Sensation,Japanese,Park Slope,Expensive,FALSE,4.3,9:39,21:39
881,BBQ Bonanza,Japanese,Astoria,Expensive,FALSE,1.1,11:01,21:51
882,Sizzling Sausage Shack,Indian,Upper East Side,Medium,TRUE,2.9,10:41,20:36
883,BBQ Bonanza,Mexican,Park Slope,Expensive,TRUE,4,11:22,20:20
884,Cafe Caliente,Mediterranean,Long Island City,Expensive,FALSE,1.8,10:14,21:38
885,Pizza Palace,Mediterranean,Park Slope,Expensive,FALSE,2.8,11:46,20:14
886,Taco Time,American,Upper East Side,Cheap,FALSE,1.9,11:58,22:45
887,BBQ Bonanza,Mexican,Chelsea,Expensive,FALSE,2.9,9:52,19:38
888,Pizza Palace,Indian,Upper East Side,Expensive,FALSE,2,9:36,19:49
889,Cafe Caliente,Greek,Upper East Side,Expensive,FALSE,1.7,10:32,22:16
890,Sizzling Sausage Shack,Greek,Bed-Stuy,Medium,TRUE,2.1,10:04,20:19
891,Cafe Caliente,Mexican,Long Island City,Medium,FALSE,1.8,11:21,23:35
892,BBQ Bonanza,Indian,Long Island City,Cheap,TRUE,4.7,11:27,21:08
893,Sizzling Sausage Shack,Greek,Greenwich Village,Expensive,TRUE,1,10:48,19:38
894,Sushi Sensation,Greek,Harlem,Expensive,TRUE,3.1,9:48,20:49
895,Burger Barn,Mexican,Greenwich Village,Expensive,FALSE,2.4,9:12,20:19
896,Pizza Palace,Mexican,Greenwich Village,Cheap,FALSE,3.5,9:53,22:24
897,Burger Barn,Japanese,Long Island City,Expensive,FALSE,4.7,10:18,21:13
898,Sushi Sensation,Mexican,Bushwick,Expensive,FALSE,1.5,10:24,23:25
899,Sizzling Sausage Shack,Indian,Greenwich Village,Medium,FALSE,2.1,11:15,19:45
900,Pasta Paradise,Thai,Williamsburg,Medium,TRUE,3.7,11:10,23:20
901,Waffle Wonderland,French,Park Slope,Expensive,FALSE,1.6,11:23,20:00
902,The Hungry Hippo,French,Greenwich Village,Cheap,FALSE,1.9,9:17,19:47
903,Sizzling Sausage Shack,Thai,Harlem,Cheap,TRUE,2.3,9:17,21:53
904,Waffle Wonderland,Mexican,Astoria,Medium,FALSE,2.4,9:46,21:56
905,Pasta Paradise,Chinese,Park Slope,Cheap,FALSE,4.4,9:14,20:57
906,BBQ Bonanza,Chinese,Astoria,Medium,TRUE,4.2,11:00,20:57
907,Cafe Caliente,American,Park Slope,Expensive,TRUE,3,11:24,23:00
908,Sushi Sensation,Chinese,Bed-Stuy,Expensive,FALSE,4.4,11:26,22:10
909,Sushi Sensation,Italian,Bushwick,Cheap,FALSE,2.3,10:56,19:39
910,Waffle Wonderland,Greek,Williamsburg,Cheap,FALSE,3.8,9:47,23:12
911,Pizza Palace,Mexican,Chelsea,Expensive,TRUE,3.9,9:19,23:15
912,Taco Time,Mediterranean,Park Slope,Cheap,TRUE,4.7,9:57,20:25
913,Burger Barn,Chinese,Bed-Stuy,Expensive,FALSE,4.5,10:42,20:47
914,Burger Barn,Thai,Harlem,Cheap,TRUE,3.1,11:53,23:55
915,Taco Time,Japanese,Upper East Side,Cheap,TRUE,2.1,10:31,19:58
916,Taco Time,Mexican,Bushwick,Medium,FALSE,3.9,10:20,23:51
917,BBQ Bonanza,Japanese,Astoria,Medium,FALSE,4.2,11:05,20:57
918,Sushi Sensation,Japanese,Park Slope,Cheap,TRUE,3,9:45,23:50
919,Sizzling Sausage Shack,Chinese,Williamsburg,Medium,TRUE,1.9,11:41,21:31
920,Pasta Paradise,American,Chelsea,Cheap,FALSE,1.7,11:17,19:34
921,Sizzling Sausage Shack,American,Upper East Side,Medium,FALSE,3.9,10:22,19:55
922,BBQ Bonanza,Mexican,Long Island City,Expensive,TRUE,4.9,11:35,20:00
923,Burger Barn,Greek,Chelsea,Medium,TRUE,1.7,11:08,22:59
924,Pasta Paradise,Italian,Upper East Side,Expensive,TRUE,4.2,9:49,23:05
925,Pizza Palace,Mexican,Upper East Side,Cheap,FALSE,3.5,10:14,20:01
926,Pasta Paradise,Italian,Chelsea,Cheap,FALSE,2.6,10:43,21:32
927,BBQ Bonanza,Greek,Greenwich Village,Medium,TRUE,4.1,11:04,22:19
928,The Hungry Hippo,American,Williamsburg,Medium,TRUE,2.1,10:03,22:08
929,BBQ Bonanza,Mediterranean,Astoria,Medium,FALSE,1.4,10:04,20:57
930,The Hungry Hippo,Mediterranean,Long Island City,Expensive,TRUE,4,10:34,21:25
931,Sushi Sensation,American,Williamsburg,Medium,FALSE,1.9,11:06,20:17
932,The Hungry Hippo,American,Harlem,Cheap,FALSE,2.2,11:37,19:42
933,Waffle Wonderland,Italian,Bed-Stuy,Expensive,TRUE,4.2,10:50,21:34
934,Sizzling Sausage Shack,Thai,Bed-Stuy,Cheap,FALSE,2.2,11:04,22:30
935,BBQ Bonanza,Chinese,Upper East Side,Expensive,TRUE,1.1,10:33,20:37
936,Sizzling Sausage Shack,Greek,Bed-Stuy,Cheap,TRUE,2,11:08,20:58
937,Cafe Caliente,American,Park Slope,Medium,FALSE,2,9:21,21:31
938,Pizza Palace,Indian,Harlem,Expensive,FALSE,4.5,11:30,21:12
939,BBQ Bonanza,Mediterranean,Harlem,Cheap,FALSE,3.9,9:29,20:15
940,Taco Time,Greek,Williamsburg,Expensive,TRUE,2.2,9:00,21:10
941,Pasta Paradise,Indian,Greenwich Village,Medium,TRUE,4.7,11:11,22:44
942,Sizzling Sausage Shack,Chinese,Bushwick,Medium,FALSE,1.3,11:17,23:41
943,Waffle Wonderland,Mediterranean,Upper East Side,Expensive,FALSE,3.6,11:49,21:48
944,Pasta Paradise,Indian,Bed-Stuy,Medium,TRUE,4.2,11:40,23:25
945,Sizzling Sausage Shack,Greek,Astoria,Medium,TRUE,4.7,9:57,22:20
946,BBQ Bonanza,Greek,Bed-Stuy,Cheap,TRUE,3.1,9:54,21:53
947,Sushi Sensation,Thai,Park Slope,Cheap,FALSE,3.8,9:30,20:32
948,Taco Time,Mexican,Upper East Side,Expensive,FALSE,4.7,9:04,22:52
949,Pasta Paradise,Mediterranean,Bed-Stuy,Expensive,TRUE,2.7,9:52,22:01
950,Pasta Paradise,French,Upper East Side,Medium,TRUE,2.3,10:08,22:34
951,Sushi Sensation,French,Bushwick,Cheap,TRUE,4.3,9:14,21:44
952,Sizzling Sausage Shack,Greek,Chelsea,Expensive,TRUE,4.6,10:04,23:23
953,Pasta Paradise,Japanese,Bed-Stuy,Medium,FALSE,3.3,11:36,23:18
954,Cafe Caliente,Mediterranean,Long Island City,Cheap,FALSE,2.5,11:10,21:37
955,The Hungry Hippo,Japanese,Chelsea,Expensive,FALSE,2.6,10:11,23:57
956,Burger Barn,Italian,Park Slope,Cheap,FALSE,1.7,9:13,21:35
957,Taco Time,American,Chelsea,Cheap,TRUE,2.2,9:56,20:50
958,Pizza Palace,Thai,Park Slope,Medium,FALSE,1,9:43,21:11
959,Waffle Wonderland,Thai,Williamsburg,Medium,FALSE,4.1,9:29,19:37
960,Sushi Sensation,Greek,Bed-Stuy,Expensive,TRUE,2.8,11:28,20:06
961,Sushi Sensation,Mexican,Williamsburg,Cheap,TRUE,4.6,11:44,19:40
962,Pasta Paradise,Japanese,Chelsea,Expensive,TRUE,3.9,10:46,23:36
963,Sushi Sensation,Italian,Upper East Side,Medium,TRUE,3.7,10:48,21:42
964,Cafe Caliente,French,Park Slope,Cheap,TRUE,2,11:40,22:17
965,Pizza Palace,Indian,Williamsburg,Cheap,TRUE,2.9,10:16,20:08
966,Burger Barn,French,Park Slope,Cheap,FALSE,3.2,9:31,19:51
967,Pasta Paradise,Mexican,Greenwich Village,Medium,TRUE,3,9:28,21:11
968,Sizzling Sausage Shack,Thai,Long Island City,Expensive,FALSE,2.3,11:18,21:18
969,The Hungry Hippo,Mexican,Upper East Side,Expensive,FALSE,3.5,11:46,20:23
970,Burger Barn,Thai,Bed-Stuy,Medium,FALSE,4.3,9:34,19:31
971,BBQ Bonanza,French,Chelsea,Medium,TRUE,1.1,9:46,20:47
972,Sizzling Sausage Shack,Indian,Bed-Stuy,Cheap,FALSE,3.7,10:12,23:40
973,Waffle Wonderland,Indian,Upper East Side,Expensive,TRUE,1.6,10:55,19:58
974,Waffle Wonderland,Mediterranean,Park Slope,Cheap,TRUE,4.7,9:04,19:38
975,BBQ Bonanza,Italian,Chelsea,Expensive,FALSE,3.8,9:10,21:54
976,Burger Barn,Mediterranean,Astoria,Medium,TRUE,3.6,9:27,23:56
977,Taco Time,American,Bed-Stuy,Cheap,TRUE,3.2,9:40,22:55
978,Sizzling Sausage Shack,Mediterranean,Park Slope,Cheap,TRUE,2,10:30,19:45
979,Burger Barn,Italian,Chelsea,Expensive,FALSE,4.4,10:17,22:00
980,Pasta Paradise,French,Chelsea,Cheap,TRUE,3.9,9:02,21:47
981,Taco Time,Mexican,Astoria,Expensive,TRUE,3.8,11:41,19:40
982,Waffle Wonderland,French,Bushwick,Medium,TRUE,4.7,10:26,23:16
983,Taco Time,Chinese,Greenwich Village,Cheap,FALSE,2.5,10:54,22:10
984,Burger Barn,Japanese,Harlem,Medium,FALSE,1,9:24,22:34
985,The Hungry Hippo,Chinese,Chelsea,Expensive,TRUE,2.1,10:50,21:11
986,Sushi Sensation,Mexican,Bed-Stuy,Medium,FALSE,4.7,11:31,23:29
987,Pizza Palace,Chinese,Harlem,Expensive,TRUE,3.7,10:48,23:00
988,Sizzling Sausage Shack,Chinese,Bushwick,Expensive,TRUE,1.5,9:22,20:11
989,Sizzling Sausage Shack,Mexican,Bushwick,Cheap,FALSE,4.2,10:00,23:22
990,Pasta Paradise,Japanese,Chelsea,Expensive,TRUE,3.6,9:27,22:22
991,Cafe Caliente,Indian,Long Island City,Cheap,TRUE,4.7,11:11,22:13
992,Taco Time,French,Upper East Side,Medium,TRUE,1.5,9:01,22:46
993,Sushi Sensation,American,Bed-Stuy,Cheap,TRUE,4.9,9:04,19:50
994,Waffle Wonderland,Chinese,Chelsea,Expensive,FALSE,1.6,10:34,20:08
995,Waffle Wonderland,French,Greenwich Village,Expensive,TRUE,4.6,10:45,20:20
996,Cafe Caliente,American,Chelsea,Expensive,FALSE,1.9,11:06,21:38
997,Taco Time,American,Bushwick,Cheap,TRUE,3.9,9:21,23:23
998,BBQ Bonanza,Japanese,Chelsea,Medium,FALSE,1.8,11:44,22:56
999,Burger Barn,Thai,Astoria,Expensive,FALSE,2.4,9:45,22:58
1000,The Hungry Hippo,Thai,Greenwich Village,Cheap,FALSE,3.3,11:05,22:05
